证券代码,代码,名称,机构代码,机构类型,报告期,报告类型,报告期名称,证券类型代码,公告日期,更新日期,货币,基本每股收益,扣除非经常性损益后的基本每股收益,稀释每股收益,每股净资产,每股资本公积金,每股未分配利润,每股经营现金净流量,营业总收入,毛利润,净利润,扣除非经常性损益后的净利润,营业总收入同比增长,净利润同比增长,扣除非经常性损益后的净利润同比增长,营业总收入环比增长,净利润环比增长,扣除非经常性损益后的净利润环比增长,净资产收益率(加权平均),净资产收益率(扣除/摊薄),总资产净利率,销售净利率,销售毛利率,应收账款占营业收入比例,营业收入现金含量,经营现金流占利润比例,所得税率,流动比率,速动比率,经营现金流量净额,资产负债率,企业规模,权益乘数,总资产周转天数,存货周转天数,应收账款周转天数,总资产增长率,存货增长率,应收账款增长率,存款总额,贷款总额,流动性覆盖率,新增贷款,核心一级资本充足率,不良贷款,拨备覆盖率,每股净资产,总资产收益率,净资产收益率,已赚保费,赔付支出,退保率,偿付能力充足率,净资本,净资产,净资本/净资产,自营资产规模,自营权益类证券占净资本比例,营业支出,经纪业务风险资本,证券自营业务风险资本,证券承销业务风险资本,融资融券业务风险资本,基本每股收益同比增长,报表期同比增长,每股资本公积金同比增长,每股未分配利润同比增长,每股经营现金净流量同比增长,净资产收益率同比增长,总资产净利率同比增长,资产负债率同比增长,报告年份,资本回报率,资本回报率同比增长,内含价值,内含价值增长率,净资产,营业总收入同比增长,净利润同比增长,扣除非经常性损益后的净利润同比增长,营业总收入环比增长,净利润环比增长,扣除非经常性损益后的净利润环比增长,销售毛利率,营业总收入占净资产比例,营业利润占净资产比例,息税前利润占净资产比例,员工人数,人均营业总收入,人均净利润,预付账款占比,应付账款周转天数,固定资产周转天数,流动资产周转天数,预付账款周转天数,应付账款周转天数,营业周期,保守速动比率,现金比率,利息保障倍数,流动资产/总资产,非流动资产/总资产,清算价值比率,有息负债率,财务杠杆,企业自由现金流预测,企业自由现金流回溯,营业利润,总资产,营运资本,营运资本净额,固定资产,一级资本充足率,净利息收益率,净息差,贷款及垫款,不良贷款余额,逾期贷款,贷款拨备率,收入保费比,负债,资本充足率,风险覆盖率,资本杠杆率,流动性覆盖率,净稳定资金比率,净资本负债,净资产负债,所有者权益
301389.SZ,301389,隆扬电子,10000214749,通用,2025-09-30 00:00:00,三季报,2025三季报,058001001,2025-10-30 00:00:00,2025-10-30 00:00:00,CNY,0.29,,0.29,7.849613693051,5.622398561199,0.980420986138,0.1120372297,291161577.9,150447591.98,81716426.42,72748925.14,39.5377581918,55.188775857,46.7232934979,18.520468665415,4.228441963678,2.834699937075,3.65,,3.130930073,29.5972410101,51.671512795439,,0.460119135417,0.109089100454,14.8945117523,3.633935557513,3.399586085472,0.066728257581,25.8236798463,1.348139133794,0.348139133794,2552.35820870427,148.574520093792,162.435917640558,0.105784524711,1.817269877968,1.662193952679,,,,,,,,,,,,,,,,,,,,,,,,,52.6315789474,1.7600702881,2.2245542657,-5.305638371,-23.1500979126,52.0833333333,36.1864830103,576.1445617345,2025,2.831611067907,126.2260566477,,,,73.2914458257,19.9400360151,13.3173875881,69.1512891696,13.7139870691,10.4253182112,12.6927873057,1.027024966138,1.027024966138,0.30810945933,,,,40.945066169591,1.725537793134,0.822937612999,0.154427244454,6.594201090839,156.472956474407,311.007384123352,3.270981641422,2.70335473768,,54.1422564901,45.8577435099,365.91119034846,15.5615051414,106.514484197659,-430457420.124135,712050434.554944,0.968083961569,0.088226810577,0.311662219157,0.368578613179,0.057690900837,,,,,,,,,825020307.47,,,,,,,,
301389.SZ,301389,隆扬电子,10000214749,通用,2025-06-30 00:00:00,中报,2025中报,058001001,2025-08-29 00:00:00,2025-08-29 00:00:00,CNY,0.19,0.17,0.19,7.77443798582,5.514023265538,1.034109733369,0.158521082787,154293300.05,84417488.06,54558526.26,49152527.18,18.9800787933,81.7814879175,70.9111222853,3.415590335161,12.279117194244,10.926104794428,2.45,2.21,2.3678133065,35.3602692031,54.712348515875,,0.626087469311,0.291268168841,14.9107472169,22.999538275437,22.461597746962,0.53477209434,4.1033496863,1.042789291105,0.042789291106,2688.07022877799,114.013753857213,105.047182511179,0.066962536199,1.578756894764,1.713515733569,,,,,,,,,,,,,,,,,,,,,,,,,72.7272727273,1.8206851431,0.2559505779,8.2288966294,78.9398228454,80.1470588235,79.5517317744,14.9799002287,2025,1.893258683808,298.5679932593,,,,14.6235617583,95.675130667,82.128386271,10.2701937612,-22.145242464,-23.0897582151,26.7982488932,0.544244444621,0.544244444621,0.182857336367,,,,36.541936974496,1.42536363557,0.99646750409,0.077652842088,4.925847256691,126.28356407312,219.058788060565,22.389525010492,21.262939967911,113.263866212889,84.0953233355,15.9046766645,2411.05114589389,1.083517138,1472.90388486468,-209255628.298708,50477426.7227232,1.049611639634,0.070462342422,0.700623985365,0.823715925827,0.294442817539,,,,,,,,,94309872.66,,,,,,,,
301389.SZ,301389,隆扬电子,10000214749,通用,2025-03-31 00:00:00,一季报,2025一季报,058001001,2025-04-25 00:00:00,2025-04-25 00:00:00,CNY,0.11,,0.1,7.931073081305,5.504615060635,1.218069150829,0.086792286984,73378588.42,41259581.52,30675888.02,27783878.81,24.1847327769,72.2590593617,63.1813958926,4.9629210734,15.64833660033,13.892457317538,1.37,,1.3214666625,41.8049579319,56.228366351014,,0.720650693324,0.335324157766,17.7992989892,27.738589636044,27.127547798611,0.331813137749,3.6120993167,1.037474613422,0.037474613422,2847.174522409,124.166955382966,103.632072318213,0.031610285668,0.724830529366,0.868457013227,,,,,,,,,,,,,,,,,,,,,,,,,83.3333333333,4.0980003544,0.2445299712,33.1767510942,44.9674454271,73.417721519,71.7970234395,-48.5927714303,2025,1.067274537912,266.501194247,,,,24.1847327769,72.2590593617,63.1813958926,-7.4443846729,3.7204605152,-0.2435991275,41.6675195462,0.258830999718,0.258830999718,0.108267118448,,,,22.503435356861,0.677079177901,0.470394231857,0.035811330111,3.999389363125,132.923892710757,227.799128435645,27.047836396056,25.918732947489,,88.1784580632,11.8215419368,2739.58440271526,0.9106738752,2001.90161368679,-25723868.5138116,-16208125.4418911,1.157768281992,0.036419041124,0.658909807788,0.802115764145,0.158810644376,,,,,,,,,84260140.01,,,,,,,,
301389.SZ,301389,隆扬电子,10000214749,通用,2024-12-31 00:00:00,年报,2024年报,058001001,2025-03-13 00:00:00,2025-03-13 00:00:00,CNY,0.29,0.27,0.29,7.822822341728,5.504615060635,1.109864960282,0.202899408607,287942035.52,138115497.95,82231686.4,77434121.87,8.511606235,-15.0171946024,-14.787536208,4.338249377323,18.125602119638,20.373614721476,3.74,3.52,3.5620856271,28.5584167145,47.966424110524,,0.547209348143,0.199769312029,15.1143574582,24.973349772821,24.443406695432,0.703792005979,3.9919664961,1.041579504864,0.041579504864,2886.23887617551,102.435588654184,103.340439658498,0.12472980077,3.514403585021,3.483631395315,,,,,,,,,,,,,,,,,,,,,,,,,-14.7058823529,-0.6873284944,0.4246061956,-3.4578604602,-27.5803864327,-13.8248847926,-13.3005440646,24.5403744321,2024,2.201769254179,11.044912764,,,,17.7871984062,74.4084981756,88.8796089982,0.3785465627,30.617297809,33.7528195659,7.4038949593,1.015668555626,1.015668555626,0.225649942257,465.0,619230.183913978,176842.336344086,140.332603327172,3.195607654723,2.433083461338,0.139647304673,2.565334009807,112.654630635877,205.777064143712,24.369544892946,23.307274072774,92.718655098425,88.3603359365,11.6396640635,2478.22586853744,0.8478052084,1822.39765010979,-346252053.177118,80863203.528365,1.071272789549,0.13353533123,0.593771627882,0.699511159971,0.366263500438,,,,,,,,,92213784.07,,,,,,,,
301389.SZ,301389,隆扬电子,10000214749,通用,2024-09-30 00:00:00,三季报,2024三季报,058001001,2024-10-30 00:00:00,2025-10-30 00:00:00,CNY,0.19,,0.19,7.713844606067,5.50004703037,1.035353076226,0.145787081905,208661498.99,95674759.43,52656144.73,49582396.5,5.3592134093,-34.0190797263,-34.8680469716,3.040112189821,-5.869542964157,-6.977418022639,2.4,,2.299002077,25.2351991071,45.851659215093,,0.552799307387,0.198075054191,16.4024489311,25.189995113946,24.64305124183,0.515168492688,3.8192542406,1.039709135237,0.039709135237,2963.67881838453,102.553641215977,106.420935331545,0.091102989408,2.632768537505,2.537094784582,,,,,,,,,,,,,,,,,,,,,,,,,-32.1428571429,-1.179454785,0.52372005,-8.8320295589,-17.9475590379,-32.0113314448,-32.5071351975,25.3832346508,2024,1.251673264286,-23.5468333661,,,,11.4939834429,-16.0867343631,-18.8125325477,11.885056693,85.5176971566,77.4801329022,4.041769084,0.73601939679,0.73601939679,0.134530980529,,,,65.446676353719,2.415927918504,1.799313072898,0.101695182463,4.125495976919,111.758301202625,208.973132245283,24.58412313732,23.499640898761,,88.8822595577,11.1177404423,2596.39453709988,0.5663008672,1894.87401555389,-305921260.955259,78971365.9403957,1.06806910589,0.098018006883,0.656126915638,0.784915757352,0.271382806929,,,,,,,,,86838912.97,,,,,,,,
301389.SZ,301389,隆扬电子,10000214749,通用,2024-06-30 00:00:00,中报,2024中报,058001001,2024-08-28 00:00:00,2025-08-29 00:00:00,CNY,0.11,0.1,0.11,7.635421009877,5.499946121658,0.955483947055,0.088589046455,129679944.42,55955775.23,30013246.61,28759115.57,1.942907645,-43.1797753598,-43.026071869,-3.238806227539,-22.414702123575,-23.042264586699,1.36,1.31,1.3187359894,23.1440927464,43.149135728169,,0.587712340647,0.193669073366,16.948732351,27.208571923526,26.603677208814,0.342426558582,3.5687539111,1.037008273312,0.037008273312,3159.03769047853,105.372582247495,110.261752844316,0.056979377151,1.70822424734,1.632479036082,,,,,,,,,,,,,,,,,,,,,,,,,-42.1052631579,-0.8623876519,0.7031046687,-8.0234309961,-40.8453463064,-40.0881057269,-41.9444313743,25.2040413508,2024,0.475015233493,-54.1518514591,,,,-11.2684326063,-63.6434935388,-63.8305218525,19.4682344139,-31.4619734543,-31.0908042954,-8.8513455943,0.457424848042,0.457424848042,0.058633574286,,,,96.396089989317,1.593661127802,1.149900599605,0.063594669824,1.867295655041,112.947474754723,215.634414883403,26.575297903057,25.47415875757,91.082645105854,88.9002790017,11.0997209983,2771.70362617394,0.5210277872,2378.74362891836,-77391773.7523284,86289482.37291,1.095947654478,0.063313213088,0.694892643816,0.836796998217,0.172124658776,,,,,,,,,80109657.44,,,,,,,,
301389.SZ,301389,隆扬电子,10000214749,通用,2024-03-31 00:00:00,一季报,2024一季报,058001001,2024-04-26 00:00:00,2025-04-25 00:00:00,CNY,0.06,,0.06,7.618852479683,5.491187461517,0.914625969489,0.059870191358,59088252.46,23452347.56,17807996.94,17026376.48,23.9996660073,-7.4928278475,-5.6158554344,4.309798345063,-1.490655505663,-1.11483309408,0.79,,0.769202304,30.1379651599,39.690372592888,,0.722598693351,0.287251670905,14.7338359901,13.435705754194,13.145038851757,0.109853456671,7.0264424229,1.07557463225,0.07557463225,3526.27241274106,109.686198835723,113.472469773791,0.025522702011,0.820522553934,0.793143924508,,,,,,,,,,,,,,,,,,,,,,,,,-14.2857142857,-8.0233986125,0.5628798104,-43.6132229457,-43.0090260756,-3.6585365854,-3.9859710413,211.6497966935,2024,0.291206292003,-31.1530706111,,,,23.9996660073,-7.4928278475,-5.6158554344,-12.2125048517,5.0146785637,15.4662876168,-14.8081904929,0.208424170935,0.208424170935,0.033526777531,,,,25.372870821365,0.790639300111,0.510988344284,0.028416991755,3.547095661095,113.831933205654,223.16796814942,13.114550160607,12.655256465753,,89.3567342227,10.6432657773,1411.24013036961,0.4723303557,1231.08738154536,77013782.1116464,80364427.4525849,1.269091679615,0.032278323074,0.812533282393,0.953122313935,0.111936584544,,,,,,,,,163237024.72,,,,,,,,
301389.SZ,301389,隆扬电子,10000214749,通用,2023-12-31 00:00:00,年报,2023年报,058001001,2024-03-15 00:00:00,2025-03-13 00:00:00,CNY,0.34,0.32,0.34,7.876962952593,5.481340947372,1.149617115979,0.280171901799,265355979.43,118507596.53,96762734.55,90871826.05,-29.510442691,-42.6959903864,-44.0985122954,-3.237029247854,-15.885546531781,-15.283527683766,4.34,4.08,4.1085443832,36.4652549974,44.65985533266,,0.706759979831,0.299328978117,14.8131833804,31.998170722202,31.353652238953,1.220304849291,3.2053593177,1.033115049502,0.033115049501,3195.16854993496,108.91167216387,124.313547989621,0.112670112507,3.305430839941,2.895903188525,,,,,,,,,,,,,,,,,,,,,,,,,-54.6666666667,-4.0934314902,0.3825556409,-25.9513113733,-57.0880047411,-73.8396624473,-61.2721924451,2.9622205433,2023,1.982773635798,-80.1364548174,,,,-11.6518593566,-51.8675912542,-52.6455002744,-4.9845470482,-37.1560209366,-42.5080730379,-19.7157929384,0.935999927443,0.935999927443,0.219722439718,449.0,590993.272672606,215507.20389755,141.422564098677,4.024571065951,3.510204284833,0.121222008466,2.545562670953,89.450526304704,233.226373192999,31.293661025378,30.065191515335,122.684153594667,90.2763312321,9.7236687679,3093.68823542676,0.45357392,2925.39267987538,117918304.96036,179472123.393748,1.206231588478,0.138739147523,0.70450155424,0.820860784158,0.997370111714,,,,,,,,,73949846.13,,,,,,,,
301389.SZ,301389,隆扬电子,10000214749,通用,2023-09-30 00:00:00,三季报,2023三季报,058001001,2023-10-28 00:00:00,2024-10-30 00:00:00,CNY,0.28,,0.27,7.805911806384,5.471392252134,1.135654409347,0.177675496543,198047700.09,87280481.03,79805108.07,76126070.53,-34.0416902875,-40.2778740876,-42.0733304951,-8.5490549691,-11.665841031268,-13.101063477561,3.53,,3.4062890703,40.2959024688,44.070434037021,,0.639947342496,0.254337734026,14.1006636458,34.762959062558,34.003128183595,0.836714977022,3.0460645326,1.031417647132,0.031417647133,3194.06058674176,112.912018761855,134.592375209797,0.084531896834,2.39124234037,2.006057175075,,,,,,,,,,,,,,,,,,,,,,,,,-55.5555555556,102.0023150139,690.6936962906,-44.0777360078,-74.4001785462,-80.0677583286,-78.2679414615,-72.7284761651,2023,1.637176482537,-89.8290727034,,,,-26.57257537,-36.0212745585,-38.6695691476,-10.9572001848,-19.6220608966,-20.9315921525,-22.1198619859,0.698580952698,0.698580952698,0.178045946561,,,,70.922802692125,3.138640968626,2.602517709574,0.090267019088,3.806956151635,86.024493626042,247.503520085086,33.968930876942,32.407654952255,,91.6871628187,8.3128371813,3258.35100906754,0.4586062604,3001.62381936634,15905315.1652888,171074484.083125,1.142266760014,0.099111963775,0.54135433714,0.631175177732,0.624609515707,,,,,,,,,69526498.99,,,,,,,,
301389.SZ,301389,隆扬电子,10000214749,通用,2023-06-30 00:00:00,中报,2023中报,058001001,2023-08-18 00:00:00,2024-08-28 00:00:00,CNY,0.19,0.18,0.18,7.701840733333,5.461545738589,1.038834082857,0.149758372205,127208402.64,60219568.43,52821414.91,50477677.27,-37.5776661636,-42.2409566246,-43.6620418186,-7.47267594199,-10.186733057697,-10.871232776864,2.27,2.17,2.271506456,41.5235266018,47.339300848248,,0.827759604591,0.333755456706,14.0763165185,34.96961305806,34.251066718198,0.711556834312,2.8503504141,1.029339790995,0.029339790995,3290.43079253669,120.613528728864,135.102000372811,0.054704083249,1.492369901594,1.332326682827,,,,,,,,,,,,,,,,,,,,,,,,,-55.8139534884,110.1207206417,689.259777583,-43.3079098026,-67.8333021331,-81.7963111468,-79.3282967216,-75.9933954277,2023,1.036061975477,-90.992584343,,,,-23.3371227604,-30.554874434,-31.7006030948,66.9532230855,74.3913163777,79.8183391741,-17.7211221105,0.448706887619,0.448706887619,0.113390838342,,,,70.028154139051,1.92475550422,1.705003731505,0.058061993178,2.570394753553,93.518371349168,255.715802368116,34.216270632318,32.75330366264,127.958361217908,92.83656186,7.16343814,3480.82321599333,0.4063613093,3085.89181722507,66708124.2718649,194397782.087176,1.306850340936,0.073966538733,0.690437842302,0.803774351602,0.546663856009,,,,,,,,,64062607.66,,,,,,,,
301389.SZ,301389,隆扬电子,10000214749,通用,2023-03-31 00:00:00,一季报,2023一季报,058001001,2023-04-27 00:00:00,2024-04-26 00:00:00,CNY,0.07,,0.07,8.283468148148,5.460451681446,1.62205754127,0.10505205866,47651944.85,22200766.21,19250395.97,18039445.67,-52.3538962955,-55.3453918299,-57.154846561,-13.909071896323,-14.129603799325,-14.803583154287,0.82,,0.8011353261,40.3979229612,46.589423117743,,1.22752226198,0.624995658073,16.6353195788,46.641080114385,45.754710479357,0.60744291294,2.254595542,1.023066000438,0.023066000438,4538.32573376519,159.763456990269,163.437952403908,0.019831101882,0.563332827766,0.550667691783,,,,,,,,,,,,,,,,,,,,,,,,,-65.0,,,,,-86.5131578947,-85.1281963436,-79.3087686502,2023,0.422976441488,-92.2020303473,,,,-52.3538962955,-55.3453918299,-57.154846561,-37.4525575929,-45.3608621404,-42.0694098236,-22.6114566939,0.168084461552,0.168084461552,0.048620057319,,,,14.862725517181,0.905916947967,0.63238762811,0.020799443572,6.055416948659,99.346855362373,323.201131519876,45.698583365828,44.275084577252,,95.1813452562,4.8186547438,4403.27593329988,0.4311422694,4178.38969610392,87669128.7814401,-2830841.16274609,1.866038918661,0.0370111352,1.28894621637,1.547098494826,0.37626739154,,,,,,,,,54167347.06,,,,,,,,
301389.SZ,301389,隆扬电子,10000214749,通用,2022-12-31 00:00:00,年报,2022年报,058001001,2023-03-24 00:00:00,2024-03-15 00:00:00,CNY,0.75,0.72,0.75,8.213154499295,5.460451681446,1.552515159012,0.652898799295,376447220.78,209407043.25,168858575.87,162557079.93,-12.1147152106,-14.5785687196,-14.3021686982,-9.812735208722,-7.119236964336,-7.689481745352,16.59,15.98,10.6087709132,44.8558434088,55.627198632549,,0.740489480285,0.491693919845,14.626627741,33.387132318853,32.704902190258,2.692418002562,3.1131412092,1.032131717841,0.032131717842,1522.14651058676,105.884090483686,120.761996437111,0.236508113704,3.399944206495,2.981070292155,,,,,,,,,,,,,,,,,,,,,,,,,-19.3548387097,153.8894049352,689.101673021,10.7114010207,-32.6109467972,-50.5661501788,-63.5761977516,-73.6874229779,2022,9.981972591352,-67.6148538153,,,,-34.9645547679,-26.866589438,-30.3063118634,-21.0312751407,-16.4647025563,-25.5385984218,-12.0689626141,1.327856157954,1.327856157954,0.639731379683,418.0,900591.437272727,403967.884856459,111.762873750955,4.299451854138,5.870150415517,0.25154675252,3.22110543437,83.731603984243,226.646260215498,32.678214779327,31.137767829403,556.64876869185,95.5073791756,4.4926208244,3197.30805391611,0.5826529167,2850.02081890285,95338168.4981683,-1483638111.92166,1.236732403749,0.193723005003,0.933977689724,1.096164696678,2.586848494927,,,,,,,,,74816512.19,,,,,,,,
301389.SZ,301389,隆扬电子,10000214749,通用,2022-09-30 00:00:00,三季报,2022三季报,058001001,2022-10-28 00:00:00,2023-10-28 00:00:00,CNY,0.63,0.62,0.62,3.86,0.691973678025,2.030773306149,0.694049748995,300261939.63,169910767.26,133627373.19,131418000.0,-3.5132702856,-10.6184887868,-9.3703049658,-4.870313397567,-7.31801704715,-6.293228547057,17.71,17.41,15.6740285982,44.5036002081,56.587514045028,,0.701329366051,0.491478633828,14.4530011066,8.215682558413,7.731775885244,1.455388080459,11.1693961477,1.125738154007,0.125738154007,766.61669850347,104.007345449243,124.409767369576,0.352196867779,2.595970494524,2.170247607633,,,,,,,,,,,,,,,,,,,,,,,,,-10.0,,,,,-33.0687830688,,,2022,16.096629489151,-70.5359760431,,,,-18.1337857483,-25.3928669679,-22.0453515919,-7.0336830455,-12.7544971355,-11.9471430196,-13.4073532365,1.412166676684,1.412166676684,0.697801753322,,,,29.982088357786,3.007630090945,4.899584018197,0.392287037926,9.00537670285,89.771677977582,228.418659872294,7.549095621369,6.27305679099,,90.0639020484,9.9360979516,884.185026829595,3.1994730836,528.683660908559,126993210.375981,-16869258.9068976,1.125563841679,0.365385587717,0.946108157023,1.104357021747,2.240656646071,,,,,,,,,103311507.86,,,,,,,,
301389.SZ,301389,隆扬电子,10000214749,通用,2022-06-30 00:00:00,中报,2022中报,058001001,2022-09-28 00:00:00,2023-08-18 00:00:00,CNY,0.43,0.42,0.43,3.665436093028,0.691983285315,1.832414503045,0.465569617449,203786681.5,117249034.89,91451332.68,89597988.46,5.3977956376,-1.6349955981,-1.9274408811,1.8938432999,1.510352985284,1.938701414798,12.47,12.21,10.9884823007,44.8760105454,57.535180428364,,0.698873099712,0.485761577652,13.3936813726,7.657842590507,7.136993573626,0.962456216617,11.8731926686,1.134728501215,0.134728501214,735.104419072041,109.128210307849,125.909866356468,0.244863172265,1.649436011937,1.42959408352,,,,,,,,,,,,,,,,,,,,,,,,,-2.2727272727,33.6514118911,3.12915e-05,85.2878296597,-10.8421766544,-28.0023094688,-27.5107426126,16.4022954474,2022,11.502322252325,-28.0982500851,,,,8.5289206121,6.42530965,8.1375428343,3.7617014565,12.1371131184,12.8026448919,-12.4459024557,0.958432364491,0.958432364491,0.477337749888,,,,59.349671362318,1.866727904039,3.632860571284,0.274383652838,3.032872733214,96.425408122168,235.039938214293,7.11498670075,5.770893766323,662.082798088361,89.0620051773,10.9379948227,830.094147459796,3.1350479684,479.118754381489,98911074.4061854,-2082622.06153661,1.162661726988,0.267915124769,0.93670004949,1.082452677386,1.784096224501,,,,,,,,,105002455.95,,,,,,,,
301389.SZ,301389,隆扬电子,10000214749,通用,2022-03-31 00:00:00,一季报,2022一季报,058001001,2023-04-27 00:00:00,2023-04-27 00:00:00,CNY,0.2,,0.2,,,,,100012259.44,60209344.6,43109539.55,42103818.57,2.3343276691,-9.3350756706,-11.2458423819,0.532605669597,-2.245409963062,-2.812485667125,6.08,,5.3869412521,43.1042552097,60.201964176323,,0.688079385321,0.421151008645,13.7700021817,,,,10.8963816792,1.122288879897,0.122288879897,720.14577240271,,,0.124974697414,,,,,,,,,,,,,,,,,,,,,,,,,,,,,,,,,,,2022,5.424186811783,,,,,2.3343276691,-9.3350756706,-11.2458815271,-14.6246922874,-10.5143530403,-5.7675780201,,,,,,,,49.167585596721,,1.763725932649,0.143329165404,1.830474262824,,,,,,,,917.735840613918,,,282884276.923543,635023176.27375,1.193236192725,0.145464979992,0.842668582059,0.977052048796,,,,,,,,,,89393000.0,,,,,,,,
301389.SZ,301389,隆扬电子,10000214749,通用,2021-12-31 00:00:00,年报,2021年报,058001001,2022-04-14 00:00:00,2023-03-24 00:00:00,CNY,0.93,0.89,0.93,3.23,0.691983285315,1.402308294086,0.968849936696,428339308.09,270977307.69,197677062.23,189686340.32,0.7052027577,18.6309689601,12.626850975,,,,33.56,32.2,29.1259293603,46.1496431676,63.262302238454,,0.73370018414,0.480931154109,14.1135842647,7.774621073586,7.20238279136,2.295257452738,11.8313808891,1.134190384384,0.134190384384,570.415156021141,109.420882914749,127.618790086647,0.631119275496,3.290048393052,2.820901214904,,,,,,,,,,,,,,,,,,,,,,,,,9.4117647059,40.327574052,0.0,154.1793431216,37.7616488463,-19.9618411638,-15.1742846139,-21.5930858331,2021,30.822688075664,-17.2016584476,,,,,,,-0.5946599513,-14.781370083,-16.7127087271,-3.7688992652,2.014529373733,2.014529373733,1.047590278001,418.0,1024735.18681818,472911.632129187,135.388596963806,3.741180189183,7.859306107213,0.708305149603,2.659012709144,96.226319448841,237.041337450668,7.177769732445,5.508762686738,768.505181062041,89.4442663902,10.5557336098,832.696603497577,3.066609989,416.840748890259,73394155.402345,-2324937.2919107,1.106134072945,0.607336721569,0.907345511691,1.042112400225,3.632860350029,,,,,,,,,92299977.74,,,,,,,,
301389.SZ,301389,隆扬电子,10000214749,通用,2021-09-30 00:00:00,三季报,2021三季报,058001001,2022-10-28 00:00:00,2022-10-28 00:00:00,CNY,0.7,0.68,,,,,,311195063.32,203363168.52,149502253.18,145005453.18,,,,,,,26.46,25.67,,48.0413318852,65.349098520526,,0.757417130578,0.496477311342,14.2879314634,,,,,,,,,,,,,,,,,,,,,,,,,,,,,,,,,,,,,,,,,,,,,2021,54.631470272599,,,,,,,,23.2441749576,24.4536451218,22.1456186447,,,,,,,,305.677936066413,,5.950566641085,0.608163339514,0.883282593027,,,,,,,,,,,279697932.777878,555896715.466969,1.14188998951,,0.887293622063,1.033437858318,,,,,,,,,,,,,,,,,,
301389.SZ,301389,隆扬电子,10000214749,通用,2021-06-30 00:00:00,中报,2021中报,058001001,2021-09-29 00:00:00,2022-09-28 00:00:00,CNY,0.44,0.43,,2.742534509112,0.691983068783,0.988955673133,0.522185939471,193350041.4,127057782.9,92971411.16,91358876.8,,,,,,,17.32,17.02,15.1587734469,48.0845054321,65.713863819219,,0.852022938796,0.574242366725,13.305072055,9.103252019667,8.44122017928,1.75532836988,10.200136194,1.11358743501,0.11358743501,570.970402591254,116.994532628547,132.173485843422,0.31525276824,1.538533433622,1.361846506895,,,,,,,,,,,,,,,,,,,,,,,,,,,,,,,,,2021,15.997277209448,,,,,,,,-2.1607890647,-4.4691257293,-7.4169401775,,0.90934763739,0.90934763739,0.484592917719,417.0,463669.164028777,222953.024364508,62.651392193573,2.092522300262,3.677187676513,0.355584805701,2.873040705047,86.020588634808,249.175074779394,8.416309107868,6.348532085435,959.873487859172,88.6720899928,11.3278946076,963.015502050232,0.5956562675,634.853208543468,123149763.797679,-3126943.5857464,1.239983547684,0.369206588747,1.03577400382,1.194235776296,2.100243361985,,,,,,,,,66236400.0,,,,,,,,
301389.SZ,301389,隆扬电子,10000214749,通用,2021-03-31 00:00:00,一季报,2021一季报,058001001,2022-05-16 00:00:00,2022-08-31 00:00:00,CNY,,,,,,,,97730900.0,,47548200.0,47438700.0,,,,,,,,,,,,,,,,,,,,,,,,,,,,,,,,,,,,,,,,,,,,,,,,,,,,,,,,,,,,2021,,,,,,,,,,,,,,,,,,,,,1.868777181549,0.190993873372,,,,,,,,,,,,247102589.43,424588533.91,,,1.02769075805,,,,,,,,,,,,,,,,,,,
301389.SZ,301389,隆扬电子,10000214749,通用,2020-12-31 00:00:00,年报,2020年报,058001001,2021-06-30 00:00:00,2022-09-28 00:00:00,CNY,0.85,0.86,0.85,2.31,0.691983285315,0.55170033759,0.703279864033,425339800.09,279618281.22,166631920.79,168420175.72,58.4371473906,57.4395737774,101.3349687062,,,,41.93,42.38,34.3362024449,39.1761882511,65.739975699625,,0.565611343822,0.35156569185,16.3342472952,5.874278028811,5.365709161603,1.716661019377,15.0897162767,1.177713648041,0.177713648041,410.745125149601,95.631832752392,105.252965165091,0.876455928403,3.76443689971,3.420331193856,,,,,,,,,,,,,,,,,,,,,,,,,57.4074074074,-93.8181105561,-77.2064965105,-98.2519311245,-93.4435662253,17.9797411367,9.8053347935,39.4747091471,2020,37.226214315143,6.9961796214,,,,,,,,,,14.4957736169,2.000422340223,2.000422340223,0.918731140317,423.0,1005531.44229314,393928.890756501,85.749884868945,4.286531417693,9.808673405516,0.987478931004,4.198256365594,83.983987266271,200.886695256866,5.353961369384,3.534120806888,8567.66972433436,88.641188785,11.358811215,649.037576248688,5.6530657891,353.412080688776,142954199.540875,24219992.329984,0.913555753042,0.673122626829,0.758209908488,0.897396371482,2.859355368943,,,,,,,,,87107984.28,,,,,,,,
301389.SZ,301389,隆扬电子,10000214749,通用,2019-12-31 00:00:00,年报,2019年报,058001001,2021-06-30 00:00:00,2022-09-28 00:00:00,CNY,0.54,0.43,0.54,37.29,3.035879436582,31.560560647049,10.726560935487,268459642.89,154141326.29,105838650.85,83651725.68,25.3957533214,26.9875360696,26.7640642361,,,,35.54,28.09,31.2700676242,39.4244176557,57.416945292279,0.002296311667,0.709202171509,0.37583896985,14.2363229382,8.221661911754,7.443152743053,2.371692731977,10.8189623545,1.121314604989,0.121314604989,453.87782740404,91.093401569564,129.665929924767,0.793164984637,3.951987671962,2.776365389188,,,,,,,,,,,,,,,,,,,,,,,,,25.5813953488,43.2474452658,-3.31623e-05,54.5367518087,106.8069509083,-13.3804533268,-46.7969471078,-20.7956265708,2019,34.79209673361,-48.3299696056,,,,,,,,,,-0.4866377177,28.540310601044,28.540310601044,12.904973389197,419.0,640715.138162291,252598.212052506,61.686466900369,4.230743785822,8.65848404079,0.905906424996,5.835963998091,85.09142085286,220.757430908403,7.272557611731,4.985349941829,372000.131364525,88.9267857589,11.0732142411,908.52572719163,0.2953759612,390.234761064756,92029772.7493143,-2869485.18191948,1.119390188614,0.76403119483,0.817570806337,0.953315209705,2.930465215004,,,,,,,,,42553474.19,,,,,,,,
301389.SZ,301389,隆扬电子,10000214749,通用,2018-12-31 00:00:00,年报,2018年报,058001001,2021-06-30 00:00:00,2022-02-25 00:00:00,CNY,0.43,0.34,0.43,26.03,3.035880443351,20.422689281139,5.186750681433,214089900.0,123525000.0,83345700.0,65990094.42,,,,,,,41.03,32.48,58.7749497901,38.9302344482,57.697724180356,0.000498855854,0.521583222749,0.227886976452,14.5850520562,6.270497008245,5.632034754955,1.259384405702,13.6595517218,1.158205707686,0.158205772294,,98.318487626001,168.327361543001,,3.661569748402,2.138689733505,,,,,,,,,,,,,,,,,,,,,,,,,,,,,,,,,2018,67.335158249469,,,,,,,,,,,,22.760189117327,22.760189117327,10.277480939619,400.0,535224.75,208364.25,178.770035530991,3.894611226504,7.762449148302,0.881326522799,2.013760297864,92.435413719884,266.644228847005,4.41226077574,1.735865956974,,85.6521782055,14.3478217945,717.11211725409,-3.52597e-05,173.586595697448,-65101336.5633172,-128931165.714498,0.894949271311,0.675575156835,0.499433396153,0.585372730687,1.768961066272,,,,,,,,,38739800.0,,,,,,,,
