# 数据单位说明: 价格(元), 成交量(股), 成交额(元), 换手率(%)
日期,开盘,最高,最低,收盘,成交量,成交额,流动股本,换手率
2026-01-15,20.78,21.63,20.5,20.89,2565211.0,54010756.0,48306300.0,0.053103032109683417
2026-01-16,20.8,20.9,20.35,20.35,1627471.0,33496029.0,48306300.0,0.03369065732627007
2026-01-19,20.14,20.52,19.95,20.25,1037466.0,21048772.0,48306300.0,0.021476826004061582
2026-01-20,20.32,20.45,19.84,19.88,1311568.0,26308683.0,48306300.0,0.027151075532590985
2026-01-21,20.02,20.19,19.8,19.98,967231.0,19347935.0,48306300.0,0.020022874863113094
2026-01-22,19.98,20.2,19.85,20.1,913815.0,18339477.0,48306300.0,0.018917097769856107
2026-01-23,20.1,20.35,20.05,20.09,1454645.0,29442338.0,48306300.0,0.030112945930447995
2026-01-26,20.15,20.22,19.89,19.93,1197028.0,23893690.0,48306300.0,0.024779956237592198
2026-01-27,19.89,19.93,19.2,19.77,958154.0,18694028.0,48306300.0,0.019834969765848347
2026-01-28,20.0,20.0,19.25,19.27,1002619.0,19551401.0,48306300.0,0.02075545011727249
2026-01-29,19.27,19.35,19.01,19.12,701180.0,13430243.0,48306300.0,0.014515290966188674
2026-01-30,19.2,19.4,18.9,19.11,810087.0,15490041.0,57593925.0,0.014065493886725032
2026-02-02,19.11,19.17,18.59,18.7,771261.0,14561286.0,57593925.0,0.013391360286696904
2026-02-03,18.97,18.98,18.65,18.88,753686.0,14181885.0,57593925.0,0.013086206574738569
2026-02-04,18.94,19.04,18.66,18.86,642608.0,12113237.0,57593925.0,0.01115756566339245
2026-02-05,18.75,19.04,18.58,18.67,621251.0,11675973.0,57593925.0,0.010786745303432611
2026-02-06,18.59,18.83,18.51,18.69,489772.0,9171494.0,57593925.0,0.008503883005021797
2026-02-09,18.85,18.94,18.71,18.79,453647.0,8531625.0,57593925.0,0.00787664671230516
2026-02-10,18.91,19.44,18.82,19.04,914644.0,17484052.0,57593925.0,0.015880911050948517
2026-02-11,18.97,19.08,18.7,18.87,454660.0,8592196.0,57593925.0,0.007894235372914764
2026-02-12,18.97,19.06,18.73,18.82,533910.0,10070932.0,57593925.0,0.009270248554860604
2026-02-13,18.72,19.04,18.72,18.95,709171.0,13430275.0,57593925.0,0.012313295195630443
2026-02-24,19.02,19.13,18.86,18.98,539060.0,10217044.0,57593925.0,0.009359667708009134
2026-02-25,19.0,19.1,18.88,18.97,475056.0,9016635.0,57593925.0,0.008248369945267665
2026-02-26,18.98,19.23,18.93,18.98,371743.0,7064023.0,57593925.0,0.0064545522813387
2026-02-27,19.15,19.15,18.88,18.91,371776.0,7037167.0,57593925.0,0.0064551252584365455
2026-03-02,18.64,18.88,18.05,18.27,903874.0,16551748.0,57593925.0,0.015693912161742752
2026-03-03,18.19,18.42,17.73,17.85,1200203.0,21736920.0,57593925.0,0.0208390555080245
2026-03-04,17.85,18.05,17.57,17.74,697888.0,12408127.0,57593925.0,0.012117389116994544
2026-03-05,17.97,18.06,17.8,17.92,731993.0,13124381.0,57593925.0,0.012709552266146125
2026-03-06,18.11,18.15,17.83,18.08,314741.0,5675182.0,57593925.0,0.0054648298409945145
2026-03-09,17.87,18.05,17.32,17.69,668568.0,11753054.0,57593925.0,0.011608307647030481
2026-03-10,17.82,18.04,17.74,17.9,443054.0,7937533.0,57593925.0,0.00769272106389693
2026-03-11,17.9,18.2,17.87,17.93,713615.0,12847636.0,57593925.0,0.012390456111473562
2026-03-12,18.0,18.0,17.71,17.81,484122.0,8631031.0,57593925.0,0.008405782380693796
2026-03-13,17.71,17.93,17.6,17.77,368800.0,6569887.0,57593925.0,0.0064034531419763455
2026-03-16,17.77,17.77,17.31,17.41,509011.0,8892290.0,57593925.0,0.008837928653065406
2026-03-17,17.58,17.58,17.03,17.06,506687.0,8768151.0,57593925.0,0.008797577175023235
2026-03-18,17.06,17.35,16.7,17.07,569564.0,9615459.0,57593925.0,0.00988930690172618
2026-03-19,16.97,16.97,16.22,16.28,541131.0,8930825.0,57593925.0,0.009395626361634496
2026-03-20,16.28,16.69,15.59,15.81,564457.0,9126099.0,57593925.0,0.009800634355099085
2026-03-23,15.7,15.71,14.71,14.85,1032634.0,15657445.0,57593925.0,0.017929564619879615
2026-03-24,15.01,15.36,14.9,15.33,758756.0,11488228.0,57593925.0,0.013174236692498384
2026-03-25,15.55,15.7,15.3,15.55,558188.0,8684746.0,57593925.0,0.0096917860694509
2026-03-26,15.5,16.76,15.49,15.7,1989679.0,32245441.0,57593925.0,0.03454668178978946
2026-03-27,15.55,15.97,15.31,15.77,770964.0,12146705.0,57593925.0,0.0133862034928163
2026-03-30,15.54,15.67,15.16,15.4,617186.0,9491991.0,57593925.0,0.010716164942743528
2026-03-31,15.41,16.18,15.37,15.86,1305275.0,20810613.0,57593925.0,0.02266341458756284
2026-04-01,16.07,16.25,15.77,15.95,718508.0,11431288.0,57593925.0,0.012475412988435847
2026-04-02,15.86,16.36,15.72,15.93,602974.0,9650729.0,57593925.0,0.0104694028059383
2026-04-03,15.9,16.14,15.37,15.37,390716.0,6092166.0,57593925.0,0.006783979386714831
2026-04-07,15.55,15.8,15.38,15.56,349996.0,5466610.0,57593925.0,0.006076960373858875
2026-04-08,16.03,16.26,15.81,16.25,719572.0,11591523.0,57593925.0,0.012493887159105757
2026-04-09,16.12,16.44,15.93,15.97,676919.0,10909318.0,57593925.0,0.011753305578669973
2026-04-10,15.99,16.28,15.99,16.08,573885.0,9269988.0,57593925.0,0.009964332175659152
2026-04-13,16.3,16.3,15.8,15.93,409442.0,6511860.0,57593925.0,0.007109117845328305
2026-04-14,15.98,16.02,15.61,15.77,700438.0,11040849.0,57593925.0,0.012161664620009836
2026-04-15,15.84,15.98,15.67,15.73,454239.0,7185682.0,57593925.0,0.007886925574181651
