代码,名称,最新价,涨跌额,涨跌幅,买入,卖出,昨收,今开,最高,最低,成交量,成交额,时点,市盈率,市净率,流通市值,总市值,换手率
sh688001,华兴源创,40.84,-0.78,-1.874,40.83,40.84,41.62,41.3,41.88,40.29,6630688,271794968,14:23:11,-36.142,5.238,1815296.518812,1815296.518812,1.49175
sh688002,睿创微纳,125.46,4.47,3.695,125.45,125.46,120.99,122.0,126.66,120.71,8440807,1052609008,14:23:11,50.184,9.073,5843124.960048,5843124.960048,1.81236
sh688003,天准科技,71.51,2.31,3.338,71.53,71.58,69.2,72.48,76.0,70.59,5039248,368511876,14:23:11,110.032,7.446,1389585.8955,1389585.8955,2.59327
sh688004,博汇科技,22.73,0.53,2.387,22.72,22.74,22.2,22.36,22.84,22.19,1339905,30162529,14:23:07,-47.354,3.085,182040.024,182040.024,1.67304
sh688005,容百科技,31.16,0.36,1.169,31.15,31.16,30.8,31.4,31.9,30.82,21431109,671455646,14:23:13,-115.407,2.786,2227084.56452,2226752.031232,2.99896
sh688006,杭可科技,30.52,1.17,3.986,30.51,30.52,29.35,29.7,31.68,29.5,22623709,694029257,14:23:10,50.033,3.417,1842407.407904,1842407.407904,3.74768
sh688007,光峰科技,14.47,0.12,0.836,14.47,14.48,14.35,14.36,14.49,14.33,2520814,36328561,14:23:06,241.167,2.582,665063.823845,665063.823845,0.54846
sh688008,澜起科技,150.82,3.64,2.473,150.82,150.83,147.18,147.48,152.85,144.34,35197566,5258797946,14:23:11,76.558,14.263,18433220.716722,17290404.789722,3.0702
sh688009,中国通号,5.34,-0.04,-0.743,5.34,5.35,5.38,5.38,5.4,5.31,39323897,209951198,14:23:12,15.706,1.194,5654963.346,4603623.612,0.45614
sh688010,福光股份,34.46,0.64,1.892,34.45,34.46,33.82,33.82,35.08,33.82,3817346,131596584,14:23:09,570.53,3.296,553295.197788,553295.197788,2.3775
sh688011,新光光电,67.89,0.36,0.533,67.79,67.87,67.53,67.55,68.5,65.98,1188969,80227208,14:23:09,-99.838,6.345,678900.0,676608.868647,1.193
sh688012,中微公司,318.01,-2.35,-0.734,318.0,318.01,320.36,323.1,324.5,316.0,8934164,2851387803,14:23:11,93.532,8.785,19936613.27581,19936613.27581,1.42509
sh688013,天臣医疗,38.35,0.27,0.709,38.36,38.37,38.08,38.07,38.44,37.53,826613,31441139,14:23:11,59.0,5.19,311231.726,311231.726,1.01855
sh688015,交控科技,23.08,0.28,1.228,23.09,23.1,22.8,22.8,23.16,22.61,1167017,26772119,14:23:02,52.455,1.678,435475.152536,435475.152536,0.61851
sh688016,心脉医疗,100.55,-0.55,-0.544,100.56,100.6,101.1,101.09,101.2,99.97,1348796,135393005,14:23:11,21.624,3.041,1239400.586435,1239400.586435,1.09425
sh688017,绿的谐波,206.6,0.1,0.048,206.6,206.63,206.5,212.0,213.77,204.0,4313914,896167210,14:23:12,622.102,10.803,3787600.3825,3787600.3825,2.35309
sh688018,乐鑫科技,151.91,0.81,0.536,151.9,151.91,151.1,151.58,152.8,150.08,1854170,280834807,14:23:12,48.195,5.695,2539069.46491,2380471.049902,1.18324
sh688019,安集科技,253.18,1.33,0.528,253.1,253.16,251.85,252.11,254.66,248.48,3224213,808703261,14:23:12,54.33,12.598,4430508.117928,4430508.117928,1.84247
sh688020,方邦股份,91.05,0.15,0.165,90.93,91.05,90.9,90.89,92.5,89.84,1692571,154023824,14:23:08,-79.868,5.424,750151.845,750151.845,2.05437
sh688021,奥福科技,24.55,0.44,1.825,24.55,24.56,24.11,24.08,24.64,23.82,1444797,34953602,14:23:08,-41.61,2.187,187595.675235,187595.675235,1.89076
sh688022,瀚川智能,16.92,-0.01,-0.059,16.91,16.92,16.93,16.91,17.09,16.83,2632829,44527716,14:23:13,-2.699,4.296,297586.124208,297586.124208,1.49696
sh688023,安恒信息,51.59,0.99,1.957,51.56,51.59,50.6,51.04,51.75,50.8,1875265,96304689,14:23:03,-90.509,2.212,525106.127161,525106.127161,1.84239
sh688025,杰普特,283.21,11.63,4.282,283.25,283.7,271.58,266.15,292.32,262.62,4717047,1311510733,14:23:12,96.659,11.711,2691894.708783,2691894.708783,4.96273
sh688026,洁特生物,16.41,0.19,1.171,16.41,16.42,16.22,16.24,16.47,16.07,1407548,22912385,14:23:12,31.558,2.08,230338.024707,230264.471805,1.0031
sh688027,国盾量子,613.08,35.08,6.069,612.8,613.08,578.0,594.77,628.88,591.0,4136115,2519546432,14:23:11,12261.6,19.433,6306202.249308,4927591.87596,5.14606
sh688028,沃尔德,98.27,0.43,0.439,98.21,98.27,97.84,97.6,99.91,94.6,5835099,567364391,14:23:13,157.081,7.471,1483375.823,1483375.823,3.86561
sh688029,南微医学,75.24,0.04,0.053,75.24,75.27,75.2,75.41,75.73,74.52,571204,42890028,14:23:07,25.505,3.471,1413364.003128,1413364.003128,0.30408
sh688030,山石网科,15.82,0.57,3.738,15.81,15.82,15.25,15.25,15.82,15.25,2203368,34383213,14:23:05,-14.733,3.994,285133.143176,285133.143176,1.22249
sh688031,星环科技,138.77,2.19,1.603,138.76,138.77,136.58,137.0,142.88,136.59,5418440,756081438,14:23:12,-68.36,19.49,1681003.106332,1681003.106332,4.47303
sh688032,禾迈股份,114.09,0.99,0.875,114.09,114.18,113.1,113.43,114.88,111.8,1066259,121169227,14:23:10,40.892,2.427,1415555.074905,1415555.074905,0.85938
sh688033,天宜新材,8.29,0.04,0.485,8.29,8.3,8.25,8.25,8.34,8.17,6705925,55480591,14:23:12,-3.128,1.413,466062.636084,466062.636084,1.1928
sh688035,德邦科技,62.81,0.19,0.303,62.81,62.82,62.62,62.64,64.15,62.48,3344637,211214205,14:23:12,82.645,3.844,893409.44,893409.44,2.3514
sh688036,传音控股,53.79,1.63,3.125,53.78,53.79,52.16,52.21,54.07,52.16,9148169,484212671,14:23:12,23.801,3.017,6192221.667555,6192221.667555,0.79467
sh688037,芯源微,185.61,3.62,1.989,185.6,185.61,181.99,182.9,189.98,180.3,5135541,956936925,14:23:13,183.772,13.828,3742404.241056,3742404.241056,2.54705
sh688038,中科通达,23.99,1.36,6.01,23.93,24.02,22.63,22.98,24.03,22.56,3364957,78213520,14:23:12,-149.938,4.719,279179.7866,279179.7866,2.89152
sh688039,当虹科技,44.0,1.35,3.165,44.0,44.03,42.65,42.75,44.1,42.75,1685161,73468943,14:23:12,-48.352,4.381,486646.2656,486646.2656,1.52363
sh688041,海光信息,251.99,-0.01,-0.004,251.93,251.96,252.0,252.5,255.0,248.0,19976557,5025664051,14:23:11,229.082,24.927,58570995.555109,58570995.555109,0.85945
sh688045,必易微,49.36,0.71,1.459,49.33,49.35,48.65,48.37,49.46,48.37,1031813,50498087,14:23:11,290.353,2.476,348368.017704,348368.017704,1.46197
sh688046,药康生物,18.66,-0.22,-1.165,18.66,18.67,18.88,18.84,18.84,18.37,6222629,115145077,14:23:12,69.111,3.476,765060.0,765060.0,1.51771
sh688047,龙芯中科,141.31,-0.39,-0.275,141.31,141.32,141.7,141.96,143.2,139.98,4644408,657339904,14:23:12,-90.583,22.171,5666531.0,5666531.0,1.15821
sh688048,长光华芯,296.18,3.68,1.258,296.19,296.24,292.5,298.16,309.21,288.0,12491328,3708941419,14:23:12,-521.811,17.373,5221059.351774,5221059.351774,7.08607
sh688049,炬芯科技,46.97,0.32,0.686,46.96,46.97,46.65,46.71,47.03,46.35,3313107,154898375,14:23:11,39.805,4.022,822762.45205,822762.45205,1.89139
sh688050,爱博医疗,51.23,0.15,0.294,51.22,51.23,51.08,50.91,51.68,50.91,1060887,54372424,14:23:11,24.99,3.525,990804.465525,990804.465525,0.54854
sh688051,佳华科技,32.34,0.89,2.83,32.34,32.35,31.45,31.44,32.37,31.14,775217,24704949,14:23:11,-20.731,4.175,250098.156,250098.156,1.00243
sh688052,纳芯微,162.78,6.57,4.206,162.77,162.78,156.21,156.21,163.98,155.03,2881939,463868671,14:23:13,-101.738,3.484,2647184.242374,2320077.832374,2.02201
sh688053,ST思科瑞,39.12,0.54,1.4,39.1,39.12,38.58,38.8,39.37,38.42,697487,27191262,14:23:12,-186.286,2.432,391200.0,391200.0,0.69749
sh688055,龙腾光电,4.25,-0.05,-1.163,4.25,4.26,4.3,4.3,4.3,4.2,11865627,50367380,14:23:06,-74.561,3.449,1416666.695,1416666.695,0.35597
sh688056,莱伯泰科,35.66,0.67,1.915,35.63,35.66,34.99,35.05,35.76,34.62,563607,19880729,14:23:06,60.441,2.991,240535.47236,240535.47236,0.83556
sh688057,金达莱,12.52,0.13,1.049,12.51,12.52,12.39,12.38,12.53,12.26,857379,10669115,14:23:13,25.252,1.095,345552.0,345552.0,0.31064
sh688058,宝兰德,29.36,0.97,3.417,29.36,29.37,28.39,28.55,29.43,28.27,880353,25446218,14:23:12,-37.165,3.498,222656.093184,222656.093184,1.16086
sh688059,华锐精密,125.58,4.49,3.708,125.58,125.63,121.09,121.11,127.5,121.11,2657042,330031656,14:23:09,72.59,9.473,1255633.832544,1175159.631828,2.83937
sh688060,云涌科技,46.62,1.28,2.823,46.63,46.68,45.34,45.35,46.83,44.95,237850,10904709,14:23:08,-79.692,3.116,280609.173936,280609.173936,0.39516
sh688061,灿瑞科技,32.63,0.47,1.461,32.62,32.63,32.16,32.4,32.8,32.06,629012,20383740,14:23:06,-70.935,1.575,374884.082833,146903.875404,1.39715
sh688062,迈威生物,40.06,0.97,2.481,40.04,40.06,39.09,39.19,41.0,38.45,11786629,469986018,14:23:11,-16.486,45.804,1600797.6,817905.02,5.77295
sh688063,派能科技,75.0,1.96,2.683,74.99,75.0,73.04,74.0,76.06,72.71,10550129,787939089,14:23:13,214.286,1.999,1840194.3675,1840194.3675,4.29987
sh688065,凯赛生物,48.84,0.33,0.68,48.82,48.84,48.51,48.53,48.96,48.22,2765985,134443209,14:23:13,58.143,2.002,3522779.353896,2849218.342476,0.47413
sh688066,航天宏图,19.75,-0.23,-1.151,19.75,19.76,19.98,19.85,20.15,19.36,9511905,187805748,14:23:13,-3.705,12.31,516024.7531,516024.7531,3.64053
sh688067,爱威科技,27.1,0.7,2.652,27.02,27.08,26.4,26.25,27.1,26.06,787775,20890498,14:23:11,79.706,3.555,184280.0,184280.0,1.15849
sh688068,热景生物,124.85,-1.4,-1.109,124.85,124.91,126.25,124.1,126.2,121.0,1980382,244947445,14:23:11,-58.892,3.947,1157458.6309,1157458.6309,2.13615
sh688069,德林海,34.99,0.28,0.807,34.98,35.0,34.71,34.8,35.37,34.59,1409940,49309995,14:23:10,-44.859,3.179,395387.0,395387.0,1.24773
sh688070,纵横股份,48.87,0.41,0.846,48.82,48.85,48.46,48.4,48.99,47.9,921051,44654237,14:23:04,407.25,7.2,428003.46,428003.46,1.05167
sh688071,华依科技,32.0,0.38,1.202,31.99,32.0,31.62,31.36,32.05,31.29,1064302,33732513,14:23:13,-58.182,2.563,271327.1168,271327.1168,1.25523
sh688072,拓荆科技,401.74,-0.26,-0.065,401.47,401.74,402.0,403.0,408.66,395.24,3369854,1355696849,14:23:10,161.992,18.627,11356909.064088,11356909.064088,1.19205
sh688073,毕得医药,62.13,-0.57,-0.909,62.15,62.24,62.7,62.77,63.27,61.58,847034,52688879,14:23:10,47.068,2.82,564655.755924,564655.755924,0.93201
sh688075,安旭生物,38.84,-0.17,-0.436,38.83,38.84,39.01,39.2,39.2,38.69,219656,8530410,14:23:11,25.722,0.956,493589.61462,493589.61462,0.17284
sh688076,ST诺泰,30.72,-0.21,-0.679,30.72,30.73,30.93,30.88,31.1,30.62,1709106,52573797,14:23:13,16.34,3.122,970911.427584,970911.427584,0.54077
sh688077,大地熊,29.87,0.5,1.702,29.86,29.87,29.37,29.45,29.98,29.22,1432115,42434495,14:23:11,59.74,3.11,341947.291448,341947.291448,1.25099
sh688078,龙软科技,24.92,0.92,3.833,24.87,24.89,24.0,24.1,24.93,23.96,811091,19827659,14:23:13,54.174,2.53,181649.356,181649.356,1.11271
sh688079,美迪凯,15.64,0.35,2.289,15.64,15.65,15.29,15.14,15.8,15.04,9501394,146684690,14:23:11,-40.103,5.042,643540.922392,632333.423512,2.35005
sh688080,映翰通,56.85,1.67,3.026,56.83,56.85,55.18,55.63,56.85,55.0,1211269,68098256,14:23:06,32.301,3.729,418735.11042,418735.11042,1.64449
sh688081,兴图新科,50.57,1.21,2.451,50.57,50.62,49.36,50.0,50.79,48.69,1935062,96593104,14:23:13,-64.013,13.32,521073.28,521073.28,1.87797
sh688082,盛美上海,155.66,-0.34,-0.218,155.66,155.72,156.0,155.06,156.5,154.02,3010874,466989909,14:23:11,50.213,5.549,7474245.105574,7393556.362976,0.63389
sh688083,中望软件,55.96,-0.68,-1.201,55.92,55.96,56.64,57.26,57.64,55.65,3187916,179855230,14:23:11,105.585,3.659,949340.392616,949340.392616,1.87916
sh688084,晶品特装,67.13,-1.16,-1.699,67.14,67.18,68.29,68.01,68.24,66.81,1630661,109641719,14:23:12,-88.329,3.239,507899.310058,507899.310058,2.15528
sh688085,三友医疗,17.84,-0.26,-1.436,17.84,17.86,18.1,18.1,18.16,17.75,3272614,58527997,14:23:13,356.8,2.867,594897.096432,568634.71112,1.02673
sh688087,英科再生,37.8,-0.02,-0.053,37.8,37.86,37.82,37.82,38.07,37.36,1196632,45045759,14:23:11,22.909,2.673,733527.0495,704007.9522,0.6425
sh688088,虹软科技,41.93,0.86,2.094,41.92,41.93,41.07,41.43,42.08,41.27,4074951,170152884,14:23:09,95.295,6.317,1682107.4872,1682107.4872,1.01577
sh688089,嘉必优,18.83,0.41,2.226,18.82,18.83,18.42,18.2,18.91,18.2,1960541,36577360,14:23:12,25.446,1.947,316926.07296,316926.07296,1.16485
sh688090,瑞松科技,67.8,-0.5,-0.732,67.75,67.8,68.3,69.11,69.16,67.02,2907135,197363081,14:23:12,565.0,9.348,829669.03392,829669.03392,2.37569
sh688091,上海谊众,57.0,-0.22,-0.384,57.0,57.01,57.22,57.88,58.67,56.01,4135595,238523815,14:23:12,1900.0,8.065,1178210.748,1178210.748,2.00074
sh688092,爱科科技,29.4,0.7,2.439,29.4,29.41,28.7,28.88,29.47,28.65,975850,28362469,14:23:07,35.854,3.744,243031.3956,243031.3956,1.18051
sh688093,世华科技,33.97,0.3,0.891,33.96,33.99,33.67,33.67,34.19,33.55,1411218,47787376,14:23:09,31.748,3.372,952460.341027,952460.341027,0.50332
sh688095,福昕软件,76.9,3.73,5.098,76.9,76.93,73.17,74.01,77.24,73.5,3084619,232814042,14:23:09,253.963,2.776,702554.73956,702554.73956,3.37635
sh688096,京源环保,8.54,0.07,0.826,8.54,8.55,8.47,8.46,8.56,8.23,5474872,45798554,14:23:10,-53.375,2.244,201582.167822,201582.167822,2.31942
sh688097,博众精工,63.17,-0.72,-1.127,63.11,63.17,63.89,63.88,64.7,62.28,9100534,575570145,14:23:13,47.568,5.903,2821473.931505,2811120.368505,2.04502
sh688098,申联生物,9.07,0.01,0.11,9.06,9.07,9.06,9.12,9.15,8.91,4979738,44723097,14:23:09,-82.455,2.642,372454.108,372454.108,1.21267
sh688099,晶晨股份,81.15,-0.02,-0.025,81.15,81.16,81.17,81.53,82.28,80.5,8767292,712155771,14:23:12,39.014,4.653,3417758.949495,3417758.949495,2.08167
sh688100,威胜信息,38.28,0.08,0.209,38.2,38.24,38.2,38.2,38.4,37.75,2393216,91015341,14:23:11,28.147,5.318,1882170.8499,1882170.8499,0.48674
sh688101,三达膜,16.84,0.27,1.629,16.83,16.84,16.57,16.77,16.89,16.55,1072944,17952381,14:23:11,17.726,1.286,559108.319144,559108.319144,0.32316
sh688102,斯瑞新材,36.93,0.67,1.848,36.92,36.93,36.26,35.98,37.1,35.81,14987247,547414448,14:23:13,234.476,15.847,2871653.929251,2871653.929251,1.92739
sh688103,国力电子,57.19,0.91,1.617,57.19,57.28,56.28,56.27,58.13,56.09,1111010,63721108,14:23:06,178.719,4.854,545109.721954,545109.721954,1.16561
sh688105,诺唯赞,19.34,-0.23,-1.175,19.33,19.34,19.57,19.56,19.56,19.23,1051499,20311151,14:23:10,-386.8,2.001,769218.608096,769218.608096,0.26437
sh688106,金宏气体,27.69,-0.01,-0.036,27.68,27.69,27.7,27.9,28.25,26.02,38198988,1040592755,14:23:11,98.893,4.676,1389640.864482,1389640.864482,7.61153
sh688107,安路科技,30.22,0.11,0.365,30.22,30.24,30.11,30.21,30.95,29.9,5285554,159553538,14:23:12,-44.461,12.839,1211366.787074,1211366.787074,1.31859
sh688108,赛诺医疗,21.79,-0.25,-1.134,21.78,21.79,22.04,21.89,21.91,21.56,7176112,156000925,14:23:04,198.091,9.818,910717.408,910717.408,1.71697
sh688109,品茗科技,126.99,5.03,4.124,126.72,126.99,121.96,123.99,128.0,120.51,1333784,166166865,14:23:07,317.475,12.579,1001218.3677,1001218.3677,1.69171
sh688110,东芯股份,120.91,2.71,2.293,120.91,120.95,118.2,117.32,121.26,116.99,11078396,1320027852,14:23:11,-318.184,17.19,5347241.823978,5347241.823978,2.50501
sh688111,金山办公,252.17,7.85,3.213,252.18,252.22,244.32,246.6,254.94,246.6,10190273,2558236359,14:23:11,63.519,9.091,11684854.775257,11684854.775257,2.19916
sh688112,鼎阳科技,50.7,1.2,2.424,50.7,50.72,49.5,49.66,51.68,48.8,3697076,186182658,14:23:13,56.333,5.043,809156.19681,809156.19681,2.31651
sh688113,联测科技,39.18,1.23,3.241,39.21,39.26,37.95,38.0,39.28,37.66,695561,26902392,14:22:52,30.372,2.557,252309.636162,252309.636162,1.0801
sh688114,华大智造,51.42,0.34,0.666,51.35,51.42,51.08,51.07,51.5,50.68,1699134,86696486,14:23:12,-35.219,2.772,2141726.06901,2130509.18166,0.41009
sh688115,思林杰,42.13,1.34,3.285,42.13,42.16,40.79,40.99,42.22,40.51,718897,29889722,14:23:10,183.174,2.243,280880.71,280880.71,1.07829
sh688116,天奈科技,40.3,-0.03,-0.074,40.29,40.3,40.33,40.8,41.33,40.1,6662369,270233289,14:23:11,55.205,3.995,1477124.08493,1477124.08493,1.81768
sh688117,圣诺生物,37.21,-0.12,-0.321,37.17,37.21,37.33,37.3,37.72,36.66,2340668,86936476,14:23:11,82.689,5.675,585633.224138,585633.224138,1.48722
sh688118,普元信息,29.57,1.02,3.573,29.57,29.58,28.55,28.88,29.64,28.57,2526475,73740634,14:22:56,416.479,3.347,275937.520341,275937.520341,2.70742
sh688119,中钢洛耐,5.1,0.01,0.196,5.09,5.1,5.09,5.09,5.12,5.05,10513851,53469561,14:23:13,-97.143,1.925,573750.0,573750.0,0.93456
sh688120,华海清科,189.85,6.36,3.466,189.84,189.85,183.49,185.4,191.38,182.5,5183212,967340322,14:23:10,43.845,9.322,6714083.049135,6714083.049135,1.46563
sh688121,卓然股份,10.97,0.11,1.013,10.97,10.98,10.86,10.9,10.99,10.77,1909969,20765096,14:23:10,22.854,0.985,256274.561291,222325.333699,0.94242
sh688122,西部超导,73.69,0.39,0.532,73.69,73.7,73.3,73.23,73.75,72.19,9840501,718505345,14:23:12,59.784,6.923,4787377.678393,4787377.678393,1.51471
sh688123,聚辰股份,123.2,0.04,0.032,123.17,123.2,123.16,122.22,125.0,119.6,8699240,1066888338,14:23:13,53.565,7.434,1949899.26208,1949899.26208,5.49642
sh688125,安达智能,256.85,9.23,3.727,256.55,256.85,247.62,251.0,257.98,246.9,881524,223442353,14:23:05,-675.921,11.317,2109415.45386,2098200.86916,1.07911
sh688126,沪硅产业,17.84,0.08,0.45,17.83,17.84,17.76,17.87,17.95,17.72,19574605,348955086,14:23:12,-50.538,5.226,5896161.733112,4873279.044088,0.71658
sh688127,蓝特光学,69.16,4.08,6.269,69.06,69.16,65.08,64.48,69.28,64.46,8662740,583333032,14:23:13,72.042,12.824,2807188.4932,2807188.4932,2.13422
sh688128,中国电研,25.91,0.38,1.488,25.9,25.91,25.53,25.65,25.94,25.49,1570634,40341471,14:23:08,22.53,3.074,1048059.5,1048059.5,0.38829
sh688129,东来技术,23.81,0.61,2.629,23.79,23.81,23.2,23.06,23.85,23.06,691705,16297487,14:23:13,31.747,3.037,286860.0228,286860.0228,0.57413
sh688130,晶华微,21.46,0.51,2.434,21.46,21.48,20.95,20.98,21.49,20.84,1023754,21664764,14:23:12,-195.091,2.081,259432.287724,129371.811724,1.69819
sh688131,皓元医药,75.98,-0.37,-0.485,75.98,76.04,76.35,76.07,77.2,75.05,2370936,180214645,14:23:12,79.146,5.339,1611565.796904,1611565.796904,1.11782
sh688132,邦彦技术,17.34,0.44,2.604,17.33,17.34,16.9,17.05,17.35,16.8,1036700,17679700,14:23:13,-72.25,1.919,263958.503736,263958.503736,0.68103
sh688133,泰坦科技,21.42,-0.14,-0.649,21.41,21.42,21.56,21.55,21.55,21.08,2029146,43164240,14:23:09,267.75,1.262,352224.004734,352224.004734,1.234
sh688135,利扬芯片,35.46,1.4,4.11,35.46,35.47,34.06,34.06,36.75,33.97,24944791,885424550,14:23:12,-114.387,7.574,826586.574786,826586.574786,10.70115
sh688136,科兴制药,32.26,-0.21,-0.647,32.26,32.28,32.47,32.18,32.64,31.61,4672990,150112105,14:23:12,201.625,3.788,649255.8885,649255.8885,2.3219
sh688137,近岸蛋白,50.08,0.32,0.643,50.0,50.08,49.76,49.27,50.3,48.33,1035094,50886050,14:23:03,-64.205,1.689,351438.598512,351438.598512,1.47501
sh688138,清溢光电,28.15,0.48,1.735,28.15,28.16,27.67,27.66,28.22,27.61,1725864,48179034,14:23:12,43.308,3.243,886162.0,886162.0,0.54824
sh688139,海尔生物,33.59,1.18,3.641,33.59,33.6,32.41,32.36,33.77,32.16,4794152,158507662,14:23:13,41.988,2.43,1063099.724998,1063099.724998,1.51477
sh688141,杰华特,67.36,-0.19,-0.281,67.35,67.36,67.55,67.64,68.49,65.64,9250942,621567387,14:23:13,-42.1,19.89,3033366.358224,3033366.358224,2.0543
sh688143,长盈通,64.7,2.95,4.777,64.68,64.69,61.75,61.75,65.8,60.3,10517900,659822234,14:23:11,431.333,6.865,833211.78894,791762.53622,8.59485
sh688146,中船特气,63.5,3.36,5.587,63.5,63.51,60.14,60.0,66.0,58.12,18535933,1171545626,14:23:11,111.404,5.929,3361764.70775,920564.8467,12.78597
sh688147,微导纳米,69.68,0.23,0.331,69.69,69.71,69.45,69.4,70.99,68.51,5720228,399222354,14:23:12,139.36,11.121,3213353.215384,3213353.215384,1.2404
sh688148,芳源股份,9.44,0.26,2.832,9.43,9.44,9.18,9.25,9.44,9.09,21461002,199443980,14:23:12,-11.106,16.626,481603.362032,481603.362032,4.20661
sh688150,莱特光电,49.03,2.11,4.497,49.03,49.07,46.92,46.95,49.94,46.68,10559311,512881568,14:23:10,116.738,10.939,1973151.479255,1973151.479255,2.62384
sh688151,华强科技,20.81,0.19,0.921,20.8,20.81,20.62,20.44,20.83,20.35,1258656,26042608,14:23:12,297.286,1.711,716904.5,716904.5,0.36536
sh688152,麒麟信安,35.18,0.95,2.775,35.18,35.19,34.23,34.4,35.22,34.38,957729,33322669,14:23:11,351.8,2.889,361757.202962,361757.202962,0.93137
sh688153,唯捷创芯,34.57,0.2,0.582,34.56,34.57,34.37,34.44,34.72,34.21,2956637,101874337,14:23:11,-576.167,3.723,1487592.068656,1414741.276458,0.72247
sh688155,先惠技术,82.67,2.43,3.028,82.67,82.83,80.24,81.41,83.92,80.66,4119515,340788741,14:23:13,44.209,4.936,1045246.478136,1045246.478136,3.25818
sh688156,路德科技,25.69,1.06,4.304,25.69,25.7,24.63,24.76,25.98,24.6,6299077,160348894,14:23:12,-45.875,3.162,258734.669333,258734.669333,6.25441
sh688157,松井股份,39.9,-0.6,-1.481,39.89,39.9,40.5,41.11,42.28,39.27,3911174,158433082,14:23:11,51.154,4.615,624160.0092,624160.0092,2.50025
sh688158,优刻得,47.45,1.67,3.648,47.43,47.45,45.78,46.5,48.88,46.26,48871468,2337225238,14:23:12,-296.563,8.96,2165167.609345,1923973.69346,12.05293
sh688159,有方科技,47.81,5.04,11.784,47.81,47.82,42.77,43.0,50.0,42.73,9156564,429380640,14:23:13,43.862,4.679,444197.06842,443336.48842,9.87456
sh688160,步科股份,109.08,1.49,1.385,109.06,109.07,107.59,111.28,112.29,107.36,2075530,226622813,14:23:11,131.422,7.646,990797.703048,990797.703048,2.28502
sh688161,威高骨科,30.61,-0.59,-1.891,30.59,30.61,31.2,31.19,31.19,30.36,1803685,55233619,14:23:12,45.015,2.954,1224400.0,1224400.0,0.45092
sh688162,巨一科技,35.89,2.42,7.23,35.8,35.89,33.47,33.42,35.96,33.13,4293521,149364184,14:23:13,224.313,2.051,492054.681475,492054.681475,3.13165
sh688163,赛伦生物,33.53,0.53,1.606,33.44,33.53,33.0,33.3,33.68,31.65,2713134,88043384,14:23:13,81.78,3.225,362861.66,362861.66,2.50705
sh688165,埃夫特,17.3,0.1,0.581,17.3,17.31,17.2,17.27,17.5,17.16,3889577,67234614,14:23:07,-18.211,7.412,902679.4,902679.4,0.74544
sh688166,博瑞医药,57.61,-0.05,-0.087,57.6,57.61,57.66,58.72,59.5,56.96,22309352,1291734160,14:23:10,443.154,9.909,2437504.759494,2437504.759494,5.27278
sh688167,炬光科技,399.47,19.49,5.129,398.68,399.48,379.98,379.0,400.98,375.01,4248293,1646076472,14:23:12,-204.856,16.333,3589618.405228,3589618.405228,4.7277
sh688168,安博通,82.01,3.14,3.981,81.93,82.0,78.87,78.83,82.5,78.83,1297232,105473183,14:23:00,-41.005,6.398,632994.217804,632994.217804,1.68068
sh688169,石头科技,111.18,-2.44,-2.148,111.18,111.19,113.62,113.62,114.77,110.0,6777636,757926067,14:23:13,10.323,2.094,2880744.599424,2880744.599424,2.61577
sh688170,德龙激光,57.73,0.54,0.944,57.69,57.73,57.19,56.51,57.93,55.9,5030815,286897893,14:23:11,-174.939,4.912,596697.28,596697.28,4.86727
sh688171,纬德信息,48.73,0.06,0.123,48.73,48.76,48.67,48.82,49.14,46.99,1955937,94075868,14:23:13,348.071,4.948,408227.7782,408227.7782,2.33479
sh688172,燕东微,39.21,-1.28,-3.161,39.22,39.4,40.49,40.1,40.96,38.96,14457857,575520006,14:23:12,-261.4,2.997,5597690.558337,3051247.642185,1.8579
sh688173,希荻微,14.59,0.34,2.386,14.59,14.6,14.25,14.25,14.62,14.22,4308742,62273426,14:23:12,-19.716,4.168,602628.002249,598553.797273,1.05027
sh688175,高凌信息,35.7,0.3,0.847,35.68,35.7,35.4,35.33,35.8,34.83,1219619,43129989,14:23:04,-89.25,2.653,461661.69,461661.69,0.94312
sh688176,亚虹医药,14.29,0.09,0.634,14.28,14.29,14.2,14.11,14.49,13.93,13090435,186539155,14:23:09,-21.015,4.679,816202.624494,622595.221121,3.00456
sh688177,百奥泰,23.39,0.02,0.086,23.39,23.4,23.37,23.16,23.6,22.74,3951015,91444483,14:23:11,-19.016,20.003,968533.12,968533.12,0.95417
sh688178,万德斯,33.7,2.26,7.188,33.68,33.7,31.44,32.04,33.88,30.8,3392319,111663087,14:23:12,-38.598,2.876,286442.73428,286442.73428,3.99106
sh688179,阿拉丁,18.26,-0.2,-1.083,18.26,18.27,18.46,18.43,18.46,18.01,7826651,142124576,14:23:11,50.722,6.261,635462.980504,635462.980504,2.24898
sh688180,君实生物,44.35,0.85,1.954,44.35,44.36,43.5,43.04,45.37,42.81,27005239,1194009376,14:23:11,-50.977,7.551,4553369.577885,3398958.148385,3.52367
sh688181,八亿时空,33.67,0.95,2.903,33.66,33.68,32.72,32.72,33.68,32.52,2345328,77920266,14:23:13,59.07,2.184,452799.365382,452799.365382,1.74398
sh688182,灿勤科技,31.15,1.84,6.278,31.16,31.19,29.31,29.23,31.37,29.18,7617543,233832481,14:23:09,222.5,5.569,1246000.0,1246000.0,1.90439
sh688183,生益电子,105.49,1.05,1.005,105.46,105.49,104.44,104.43,107.76,102.81,16382705,1728986420,14:23:12,263.725,17.011,8774881.575075,8774881.575075,1.9695
sh688184,ST帕瓦,10.45,0.0,0.0,10.44,10.45,10.45,10.45,10.49,10.34,550412,5728063,14:22:58,-2.282,1.045,166204.65213,105009.45213,0.54774
sh688185,康希诺,71.95,0.71,0.997,71.94,72.0,71.24,71.21,72.49,70.59,1611793,115516312,14:23:11,654.091,3.588,1777480.148195,822913.022695,1.40924
sh688186,广大特材,24.05,0.22,0.923,24.07,24.08,23.83,23.82,24.3,23.64,6979348,167944299,14:23:10,44.537,1.41,674576.90118,674576.90118,2.48828
sh688187,时代电气,52.0,0.82,1.602,51.98,52.0,51.18,51.3,52.21,51.1,3842029,198115516,14:23:12,17.391,1.662,7061331.7424,4518319.0624,0.44217
sh688188,柏楚电子,144.92,1.74,1.215,144.81,144.92,143.18,143.58,144.98,143.25,971525,140120607,14:23:12,37.544,6.893,4184274.102084,4184274.102084,0.33648
sh688189,南新制药,7.75,0.01,0.129,7.75,7.76,7.74,7.74,7.79,7.54,4536699,34881190,14:22:58,-5.958,2.456,212660.0,212660.0,1.65332
sh688190,云路股份,87.98,-0.12,-0.136,87.98,88.04,88.1,88.09,88.87,87.21,833271,73143877,14:23:13,35.863,4.018,1055760.0,1055760.0,0.69439
sh688191,智洋创新,40.66,0.79,1.981,40.63,40.66,39.87,39.68,41.7,39.68,3610153,147350725,14:23:10,119.588,10.783,941890.40442,941890.40442,1.55845
sh688192,迪哲医药,61.18,0.98,1.628,61.18,61.19,60.2,59.55,61.89,58.8,4242547,256363653,14:23:13,-35.778,21.995,2845884.621356,2821707.814856,0.91986
sh688193,仁度生物,50.89,1.02,2.045,50.89,50.97,49.87,49.86,51.22,49.3,282465,14170436,14:23:13,-254.45,2.22,203915.56843,203915.56843,0.70493
sh688195,腾景科技,342.01,0.51,0.149,342.01,342.12,341.5,338.09,348.66,326.0,5983204,2018060017,14:23:12,633.352,45.807,4423899.35,4423899.35,4.62559
sh688196,卓越新能,60.5,-0.61,-0.998,60.49,60.5,61.11,61.5,61.5,59.03,1605126,96061397,14:23:09,48.79,2.651,769504.30975,726000.0,1.33761
sh688197,首药控股,42.17,0.38,0.909,42.16,42.17,41.79,41.94,42.8,41.03,1619882,67942516,14:23:07,-29.49,9.586,627149.469431,269908.587394,2.53087
sh688198,佰仁医疗,95.61,0.74,0.78,95.47,95.61,94.87,95.48,96.11,94.02,279888,26632130,14:23:12,89.355,10.572,1317009.899613,1317009.899613,0.20319
sh688199,久日新材,27.05,0.18,0.67,27.05,27.07,26.87,26.66,27.28,26.6,2913668,78398193,14:23:05,-81.97,1.699,436119.713955,436119.713955,1.80718
sh688200,华峰测控,294.07,8.07,2.822,294.06,294.07,286.0,284.57,302.53,281.51,2140941,628010225,14:23:13,119.057,10.27,3985625.547575,3985625.547575,1.57964
sh688201,信安世纪,14.15,0.25,1.799,14.14,14.15,13.9,13.75,14.19,13.75,4959216,69594631,14:23:11,-93.399,3.45,448772.64964,428081.015495,1.63924
sh688202,美迪西,71.26,-0.05,-0.07,71.15,71.26,71.31,70.51,73.18,68.7,3598578,257026081,14:23:12,-28.85,4.64,957393.663184,957393.663184,2.67847
sh688203,海正生材,12.37,0.27,2.231,12.37,12.38,12.1,12.16,12.4,12.09,1390990,17007147,14:23:12,247.4,1.697,250712.770116,250712.770116,0.68631
sh688205,德科立,239.3,-2.72,-1.124,239.3,239.31,242.02,238.0,244.44,235.0,8624557,2065937658,14:23:13,531.778,16.342,3787767.92297,3787767.92297,5.44874
sh688206,概伦电子,32.65,-0.14,-0.427,32.63,32.65,32.79,33.18,33.19,32.5,3801922,124815163,14:23:08,408.125,7.09,1420855.690045,1420855.690045,0.87365
sh688207,格灵深瞳,14.75,0.37,2.573,14.74,14.75,14.38,14.37,14.77,14.37,3302062,48289057,14:23:09,-17.56,1.995,381985.391825,381985.391825,1.27506
sh688208,道通科技,36.39,1.11,3.146,36.37,36.38,35.28,35.5,36.82,35.35,9289791,335868976,14:23:11,25.627,6.631,2438797.705554,2438797.705554,1.38616
sh688209,英集芯,21.67,0.68,3.24,21.68,21.69,20.99,21.0,21.77,20.94,5994991,128303908,14:23:13,74.724,4.507,940010.034183,940010.034183,1.38202
sh688210,统联精密,48.21,-0.13,-0.269,48.21,48.23,48.34,49.09,49.3,47.66,2791460,135336603,14:23:08,102.574,5.96,780321.404967,780321.404967,1.72463
sh688211,中科微至,32.89,0.04,0.122,32.89,32.92,32.85,32.96,32.96,32.5,214511,7008079,14:23:06,-49.09,1.277,431164.423118,431164.423118,0.16363
sh688212,澳华内镜,34.99,0.34,0.981,34.95,34.98,34.65,34.61,35.15,34.1,2606893,90074451,14:23:03,218.688,3.783,471193.70975,471193.70975,1.93583
sh688213,思特威,95.13,3.13,3.402,95.08,95.13,92.0,92.01,96.76,91.59,8374792,789717138,14:23:13,38.205,7.328,3827144.350575,3077545.645188,2.58873
sh688215,瑞晟智能,76.9,2.02,2.698,76.84,76.9,74.88,75.98,76.99,74.87,730117,55639854,14:23:12,248.065,10.467,480034.93861,480034.93861,1.16962
sh688216,气派科技,29.66,0.97,3.381,29.64,29.67,28.69,28.99,29.72,28.64,2160411,63152573,14:23:13,-41.775,5.849,340436.90163,315243.69763,2.03264
sh688217,睿昂基因,28.64,0.83,2.985,28.62,28.64,27.81,27.81,28.69,27.59,496610,13981320,14:23:05,-31.473,1.893,159971.286144,159971.286144,0.88909
sh688218,江苏北人,24.14,0.35,1.471,24.14,24.15,23.79,23.78,24.24,23.4,2679403,64232552,14:23:10,63.526,3.158,281171.465932,281171.465932,2.3004
sh688219,会通股份,10.95,0.14,1.295,10.94,10.95,10.81,10.82,10.98,10.79,3663941,39939994,14:23:11,25.465,2.026,601812.0,601812.0,0.66666
sh688220,翱捷科技,81.98,5.88,7.727,81.98,82.06,76.1,76.1,86.7,76.09,18042572,1466861463,14:23:13,-85.396,6.283,3429230.688022,3026204.243736,4.88774
sh688221,前沿生物,20.57,-0.06,-0.291,20.55,20.57,20.63,20.28,20.74,20.03,8817027,179936526,14:23:12,-38.093,7.85,770508.289221,770508.289221,2.35385
sh688222,成都先导,27.44,-0.31,-1.117,27.43,27.44,27.75,27.53,27.65,26.82,13960752,380450207,14:23:13,211.077,7.476,1099465.92,1099465.92,3.48426
sh688223,晶科能源,7.01,0.31,4.627,7.01,7.02,6.7,6.7,7.09,6.66,194148493,1330857673,14:23:12,701.0,2.634,7198853.804383,7198853.804383,1.89055
sh688225,亚信安全,17.05,0.27,1.609,17.05,17.06,16.78,16.88,17.06,16.74,3547711,59958703,14:23:10,-14.784,3.928,682017.05,682017.05,0.88691
sh688226,威腾电气,53.48,2.9,5.733,53.48,53.49,50.58,50.75,53.53,50.0,10473787,545808592,14:23:11,87.672,6.048,1009571.48096,1009571.48096,5.54828
sh688227,品高股份,84.47,14.08,20.003,84.47,0.0,70.39,69.42,84.47,69.42,7622814,593339841,14:23:06,-148.193,7.376,954977.907925,954977.907925,6.74255
sh688228,开普云,111.18,4.6,4.316,111.18,111.24,106.58,106.9,111.88,106.9,2335132,256417137,14:23:11,358.645,5.635,751029.34968,751029.34968,3.45686
sh688229,博睿数据,91.73,2.53,2.836,91.69,91.88,89.2,90.53,94.33,89.5,2430839,223778817,14:23:13,-34.485,9.731,407281.2,407281.2,5.47486
sh688230,芯导科技,65.54,0.93,1.439,65.54,65.55,64.61,64.88,65.62,64.22,915314,59467650,14:23:08,72.822,3.395,770750.4,770750.4,0.77833
sh688231,隆达股份,34.1,0.66,1.974,34.11,34.12,33.44,33.7,34.3,33.0,3193842,107724779,14:23:12,126.296,3.023,841782.85763,841782.85763,1.2938
sh688232,新点软件,22.56,0.42,1.897,22.55,22.56,22.14,22.29,22.62,22.15,1640035,36668861,14:23:08,205.091,1.343,726391.3356,726391.3356,0.50936
sh688233,神工股份,74.44,1.57,2.155,74.43,74.44,72.87,72.8,75.1,71.88,4361070,322702324,14:23:11,124.067,6.707,1267755.898784,1267755.898784,2.56073
sh688234,天岳先进,91.05,0.58,0.641,91.05,91.06,90.47,88.66,91.65,88.48,9827258,882408967,14:23:12,-193.723,6.151,4412451.84312,3912519.05562,2.28695
sh688235,百济神州,255.75,1.35,0.531,255.73,255.75,254.4,255.0,256.86,249.6,3816229,968911203,14:23:11,248.301,12.866,39421793.6871,2942538.2745,3.31687
sh688236,春立医疗,20.86,0.04,0.192,20.86,20.87,20.82,20.96,21.59,20.7,2008869,41999928,14:22:59,29.38,2.68,800123.891,601660.808,0.69649
sh688237,超卓航科,57.27,1.69,3.041,57.19,57.21,55.58,56.14,58.25,54.83,1885655,108220235,14:22:58,381.8,4.244,513608.539104,513608.539104,2.1026
sh688238,和元生物,7.18,-0.02,-0.278,7.18,7.19,7.2,7.22,7.24,7.11,5538143,39711094,14:23:13,-14.447,3.146,466008.3506,460342.6126,0.86379
sh688239,航宇科技,62.65,0.32,0.513,62.54,62.57,62.33,62.04,63.24,61.17,4042894,250949582,14:23:13,48.192,6.065,1194307.23713,1194307.23713,2.12079
sh688244,永信至诚,19.48,0.63,3.342,19.47,19.5,18.85,18.95,19.58,18.75,1909326,36622548,14:23:12,243.5,3.037,294073.039012,294073.039012,1.26478
sh688246,嘉和美康,19.58,0.34,1.767,19.57,19.58,19.24,19.37,19.6,18.98,2073739,40002750,14:23:13,-10.527,1.95,269392.600884,269392.600884,1.50724
sh688247,宣泰医药,9.53,-0.09,-0.936,9.53,9.54,9.62,9.6,9.61,9.38,2141718,20276909,14:23:10,34.036,3.303,432033.02,432033.02,0.47243
sh688248,南网科技,59.19,-0.07,-0.118,59.19,59.24,59.26,61.5,61.5,57.66,8385774,492539061,14:23:11,78.92,10.252,3342459.3,3342459.3,1.485
sh688249,晶合集成,29.78,0.25,0.847,29.78,29.79,29.53,29.58,29.9,29.4,14332532,424680939,14:23:11,82.722,2.746,5978608.073666,3538513.906808,1.20622
sh688251,井松智能,35.88,-0.78,-2.128,35.87,35.88,36.66,36.66,36.7,35.15,3212615,114827505,14:23:12,71.76,4.315,360961.64442,358453.00452,3.21572
sh688252,天德钰,21.67,0.14,0.65,21.67,21.68,21.53,21.43,21.68,21.41,2682716,57778525,14:23:10,38.018,3.604,886349.245947,886349.245947,0.65589
sh688253,英诺特,41.4,-1.7,-3.944,41.4,41.41,43.1,41.79,42.0,40.5,3196770,132019523,14:23:09,22.873,2.791,567115.06824,567115.06824,2.33368
sh688255,凯尔达,29.86,0.72,2.471,29.86,29.87,29.14,29.3,30.14,29.23,2371177,70424559,14:23:12,99.533,3.098,328038.58582,328038.58582,2.15838
sh688256,寒武纪,1305.98,31.98,2.51,1305.22,1305.99,1274.0,1280.0,1315.0,1272.02,6768358,8763646763,14:23:11,264.905,46.528,55071239.83166,55071239.83166,1.60507
sh688257,新锐股份,79.34,4.71,6.311,79.32,79.34,74.63,76.0,80.53,75.11,11199546,874818177,14:23:11,87.989,8.488,2002609.070736,2002609.070736,4.43707
sh688258,卓易信息,114.55,8.05,7.559,114.54,114.55,106.5,108.0,116.3,107.98,5647905,640199372,14:23:12,424.259,15.855,1387684.324835,1387684.324835,4.66221
sh688259,创耀科技,37.66,0.57,1.537,37.64,37.66,37.09,37.08,37.8,36.75,1418641,53181584,14:23:12,69.741,2.67,420662.2,420662.2,1.27005
sh688260,昀冢科技,29.15,0.8,2.822,29.14,29.15,28.35,28.07,29.3,27.86,3636441,103905596,14:23:05,-28.222,28.375,349800.0,349800.0,3.03037
sh688261,东微半导,74.09,0.8,1.092,74.06,74.08,73.29,73.02,74.89,73.02,2347548,173752980,14:23:12,224.515,3.079,908157.989775,904613.627901,1.9227
sh688262,国芯科技,35.77,0.81,2.317,35.77,35.78,34.96,35.65,37.0,35.5,12710058,459436263,14:23:12,-65.036,5.829,1201871.688801,1201871.688801,3.78276
sh688265,南模生物,43.98,0.19,0.434,43.97,44.0,43.79,44.36,44.36,43.12,375429,16416609,14:23:09,549.75,2.014,342883.530174,342883.530174,0.48154
sh688266,泽璟制药,101.42,1.11,1.107,101.41,101.42,100.31,100.8,102.87,97.8,2678918,270816277,14:23:07,-163.581,24.847,2684670.422412,2684670.422412,1.01203
sh688267,中触媒,31.1,-0.03,-0.096,31.09,31.1,31.13,31.31,31.31,30.73,1598633,49518473,14:23:13,36.588,1.925,547982.0,547982.0,0.90728
sh688268,华特气体,94.69,-2.31,-2.381,94.69,94.7,97.0,96.91,98.8,89.45,9318563,873601698,14:23:13,83.796,6.142,1136245.693813,1135478.704813,7.77095
sh688269,凯立新材,38.93,1.13,2.989,38.92,38.93,37.8,37.98,39.21,37.0,1306177,50436213,14:23:08,54.831,4.945,508830.672,508830.672,0.99934
sh688270,臻镭科技,176.48,5.93,3.477,176.48,176.49,170.55,171.0,182.21,171.0,17861439,3165412685,14:23:13,2206.0,16.986,3777582.6368,3777582.6368,8.34445
sh688271,联影医疗,114.5,0.5,0.439,114.5,114.51,114.0,114.19,114.73,113.43,3266175,372404050,14:23:12,74.351,4.535,9436608.9626,9436608.9626,0.3963
sh688272,富吉瑞,48.72,-1.18,-2.365,48.63,48.72,49.9,49.49,50.0,47.8,2307150,112465922,14:23:11,324.8,8.149,370272.0,370272.0,3.03572
sh688273,麦澜德,48.09,1.7,3.665,48.08,48.1,46.39,45.68,48.2,44.36,4112264,190576556,14:23:11,45.835,3.51,480900.0,480900.0,4.11226
sh688275,万润新能,130.86,2.83,2.21,130.86,130.98,128.03,129.0,131.05,126.75,5251106,677440179,14:23:11,-18.694,3.158,1650386.206818,1650386.206818,4.16363
sh688276,百克生物,17.94,-0.1,-0.554,17.94,17.95,18.04,18.1,18.1,17.83,1268510,22720330,14:23:09,32.036,1.875,742101.730812,742101.730812,0.30666
sh688277,天智航,22.14,0.54,2.5,22.13,22.14,21.6,21.65,22.2,21.59,6630899,145424220,14:23:11,-82.0,8.082,1009566.363276,1009566.363276,1.45417
sh688278,特宝生物,64.95,-0.04,-0.062,64.95,64.97,64.99,64.88,65.03,63.52,2053797,132384782,14:23:14,25.672,7.686,2651190.6726,2651190.6726,0.50315
sh688279,峰岹科技,179.88,8.49,4.954,179.88,180.21,171.39,177.66,183.3,175.49,2146234,385805723,14:23:11,83.278,4.081,2070672.07104,1682922.74304,2.29401
sh688280,精进电动,10.91,0.1,0.925,10.9,10.91,10.81,10.76,11.0,10.65,19316892,208944401,14:23:12,-14.743,9.668,643931.838697,567913.662195,3.7109
sh688281,华秦科技,76.06,0.06,0.079,75.98,76.07,76.0,76.1,77.51,75.0,1665626,126240751,14:23:08,35.709,4.451,2073172.55405,2073172.55405,0.61108
sh688282,理工导航,88.5,6.07,7.364,88.5,88.8,82.43,82.8,90.8,82.5,2510505,219904233,14:23:06,-804.545,6.116,778800.0,778800.0,2.85285
sh688283,坤恒顺维,41.52,0.8,1.965,41.52,41.53,40.72,40.91,41.91,39.89,1654068,67615673,14:23:12,138.4,5.232,505713.6,505713.6,1.35802
sh688285,高铁电气,8.71,0.16,1.871,8.7,8.71,8.55,8.57,8.73,8.44,2248090,19258714,14:23:14,63.67,1.939,327748.514223,327748.514223,0.59744
sh688286,敏芯股份,70.72,0.87,1.246,70.65,70.72,69.85,69.98,70.79,69.64,903187,63490628,14:23:11,-112.254,3.703,396454.707584,396454.707584,1.61111
sh688287,*ST观典,2.3,0.34,17.347,2.3,2.31,1.96,2.2,2.35,2.05,58219327,129996282,14:22:56,-6.216,1.111,85218.588,85218.588,15.71306
sh688288,鸿泉技术,26.15,0.29,1.121,26.14,26.15,25.86,25.95,26.19,25.45,2349927,60833504,14:23:12,-871.667,3.371,261012.83596,261012.83596,2.35431
sh688289,圣湘生物,18.24,-0.02,-0.11,18.23,18.24,18.26,18.25,18.33,18.15,2723090,49552578,14:22:55,38.809,1.482,1056803.722944,1056803.722944,0.46999
sh688290,景业智能,54.0,1.78,3.409,53.96,54.0,52.22,52.19,54.3,52.01,929173,49750972,14:23:02,145.946,4.365,551824.4556,551824.4556,0.90926
sh688291,金橙子,43.13,1.04,2.471,43.13,43.18,42.09,42.12,43.49,41.51,2212302,93672420,14:23:05,116.568,4.629,442801.4771,442801.4771,2.15484
sh688292,浩瀚深度,24.83,0.51,2.097,24.83,24.84,24.32,24.36,24.94,24.31,2613665,64337161,14:23:07,107.957,3.876,393180.092747,393180.092747,1.65057
sh688293,奥浦迈,55.68,2.23,4.172,55.67,55.68,53.45,54.6,56.72,52.53,2036678,112092158,14:23:14,293.053,3.69,775466.445888,633750.617472,1.78938
sh688295,中复神鹰,52.16,-0.32,-0.61,52.15,52.16,52.48,52.41,53.29,51.41,12402470,647327075,14:23:14,474.182,9.943,4694400.0,4694400.0,1.37805
sh688296,和达科技,14.17,0.57,4.191,14.17,14.18,13.6,13.59,14.2,13.5,1122709,15577424,14:23:09,-283.4,2.406,152892.40122,152176.10772,1.04542
sh688297,中无人机,49.6,0.31,0.629,49.59,49.6,49.29,49.36,50.11,48.86,6661676,328760144,14:23:13,381.538,5.847,3348000.0,3348000.0,0.98691
sh688298,东方生物,22.86,-0.1,-0.436,22.86,22.87,22.96,23.05,23.05,22.76,918990,20983371,14:23:09,-8.498,0.725,460857.6,460857.6,0.45585
sh688299,长阳科技,17.99,0.05,0.279,17.97,17.99,17.94,17.93,18.29,17.84,4032903,72818928,14:23:08,-179.9,2.483,517019.816306,517019.816306,1.40327
sh688300,联瑞新材,92.19,-0.83,-0.892,92.18,92.22,93.02,92.25,94.63,91.19,4309896,398640427,14:23:13,68.289,13.629,2226104.46261,2226104.46261,1.78486
sh688301,奕瑞科技,111.74,5.14,4.822,111.68,111.74,106.6,107.5,111.99,106.3,2879257,319226022,14:23:13,34.919,3.971,2362732.85797,2362732.85797,1.36168
sh688302,海创药业,48.06,1.59,3.422,48.07,48.16,46.47,46.25,48.48,45.56,2580066,121581345,14:23:12,-23.91,4.322,475868.963988,475868.963988,2.60572
sh688303,大全能源,22.61,0.71,3.242,22.61,22.62,21.9,22.16,22.77,22.01,14599761,327760493,14:23:13,-17.803,1.241,4850310.141964,4850310.141964,0.68058
sh688305,科德数控,57.66,0.47,0.822,57.57,57.65,57.19,57.48,57.85,57.28,1016126,58511311,14:23:03,43.905,4.082,766339.905348,762344.643948,0.76855
sh688306,均普智能,9.21,0.19,2.106,9.2,9.21,9.02,9.04,9.28,9.04,7677410,70481049,14:23:14,1374.627,6.254,1131248.4588,1131248.4588,0.62505
sh688307,中润光学,82.11,0.83,1.021,82.1,82.11,81.28,81.29,82.6,79.9,3820063,310521231,14:23:12,115.648,8.074,728923.314,728923.314,4.30313
sh688308,欧科亿,103.01,5.49,5.63,103.01,103.14,97.52,95.55,104.53,95.55,10023036,1008451382,14:23:10,286.139,6.343,1635610.374108,1635610.374108,6.31246
sh688309,恒誉环保,73.1,0.75,1.037,73.0,73.1,72.35,72.93,74.98,70.87,2425483,178229853,14:23:14,174.922,7.546,580423.27639,580423.27639,3.05472
sh688310,迈得医疗,16.0,0.26,1.652,16.0,16.01,15.74,15.72,16.04,15.48,1394233,21979779,14:23:13,-133.333,3.301,265951.504,265951.504,0.83879
sh688311,盟升电子,39.18,0.25,0.642,39.17,39.19,38.93,39.09,39.56,38.52,2933466,114446123,14:23:10,-23.321,4.306,680916.354678,680916.354678,1.68792
sh688312,燕麦科技,61.64,0.98,1.616,61.63,61.64,60.66,60.66,61.87,59.74,5942151,360431698,14:23:11,64.884,5.893,898533.775424,898533.775424,4.07635
sh688313,仕佳光子,114.81,0.22,0.192,114.8,114.81,114.59,113.81,117.0,110.8,30166711,3431992848,14:23:11,799.513,35.155,5189255.031768,5189255.031768,6.67425
sh688314,康拓医疗,48.37,-0.12,-0.247,48.37,48.38,48.49,48.49,48.94,47.68,1562943,75739886,14:23:13,39.975,5.475,392953.874964,392953.874964,1.92388
sh688315,诺禾致源,14.32,-0.21,-1.445,14.31,14.32,14.53,14.52,14.53,14.29,2877040,41313643,14:23:13,34.927,2.226,595998.4,595998.4,0.69126
sh688316,青云科技,78.09,4.01,5.413,78.09,78.1,74.08,74.07,79.88,74.07,4956851,384065602,14:23:11,-39.045,98.005,374036.489361,374036.489361,10.34874
sh688317,之江生物,20.56,-0.21,-1.011,20.55,20.56,20.77,20.8,20.8,20.32,2788392,57022932,14:23:09,-30.687,1.164,395076.845944,395076.845944,1.45109
sh688318,财富趋势,114.13,0.94,0.83,114.13,114.14,113.19,113.6,115.59,112.65,2660422,304053476,14:23:13,92.789,7.613,2923091.533936,2923091.533936,1.03874
sh688319,欧林生物,28.97,0.03,0.104,28.96,28.98,28.94,28.24,29.25,28.24,5379859,155353430,14:23:08,527.687,13.006,1175338.6833,1174470.7421,1.32702
sh688320,禾川科技,31.6,0.4,1.282,31.55,31.59,31.2,31.5,31.83,31.05,1523920,47678442,14:23:10,-28.727,3.817,477203.19088,477203.19088,1.00913
sh688321,微芯生物,31.7,0.58,1.864,31.7,31.71,31.12,31.11,31.97,30.91,10027552,316505758,14:23:12,253.6,9.347,1404123.87979,1292751.83867,2.45889
sh688322,奥比中光,83.59,2.29,2.817,83.56,83.58,81.3,82.69,84.49,81.82,6171135,513676024,14:23:11,-522.438,11.264,3353164.70216,2663815.960728,1.93649
sh688323,瑞华泰,21.69,1.04,5.036,21.69,21.7,20.65,20.7,21.94,20.21,7375759,155283714,14:23:13,-67.781,5.157,390423.852144,390423.852144,4.0976
sh688325,赛微微电,117.41,-1.25,-1.053,117.18,117.41,118.66,119.01,119.51,116.06,1025106,120846081,14:23:14,100.669,5.749,1011358.175115,958834.201083,1.25525
sh688326,经纬恒润,120.85,2.23,1.88,120.85,120.94,118.62,121.0,122.36,118.78,1174850,141448249,14:23:06,-25.282,3.677,1449486.5016,1348970.251285,1.05251
sh688327,云从科技,13.46,0.52,4.019,13.46,13.47,12.94,13.0,13.54,12.98,23986152,317810021,14:23:11,-20.09,14.725,1397886.30792,1121811.63984,2.87797
sh688328,深科达,40.59,0.09,0.222,40.59,40.61,40.5,40.88,41.1,40.1,3254836,132080058,14:23:09,-36.241,4.626,383398.101405,383398.101405,3.44586
sh688329,艾隆科技,24.41,0.41,1.708,24.39,24.41,24.0,23.99,24.51,23.61,1170499,28238244,14:23:13,-84.172,2.426,188445.2,188445.2,1.51619
sh688330,宏力达,50.43,-0.37,-0.728,50.43,50.44,50.8,50.8,50.95,50.01,1892796,95269324,14:23:14,31.507,1.823,706020.0,706020.0,1.352
sh688331,荣昌生物,153.5,4.5,3.02,153.49,153.5,149.0,148.0,156.79,144.01,9992062,1522220153,14:23:13,118.992,24.01,8664729.36405,2503479.2692,6.1266
sh688332,中科蓝讯,127.67,1.36,1.077,127.67,127.69,126.31,126.0,127.78,125.77,1476409,187691391,14:23:13,10.866,2.913,1539677.2194,1539677.2194,1.22424
sh688333,铂力特,95.75,0.15,0.157,95.72,95.75,95.6,95.6,96.89,94.62,5521158,528292168,14:23:12,248.831,5.326,2626634.81605,2626634.81605,2.01265
sh688334,西高院,22.2,-0.06,-0.27,22.19,22.2,22.26,22.27,22.27,21.98,3396712,75133271,14:23:02,28.255,2.416,702806.41452,348328.42956,2.16482
sh688335,复洁科技,34.21,-0.3,-0.869,34.2,34.21,34.51,34.51,34.7,34.0,1397876,47898799,14:23:09,-97.743,4.424,506426.339232,506426.339232,0.94429
sh688336,三生国健,86.51,-2.77,-3.103,86.51,86.58,89.28,86.65,88.18,83.53,10310906,887162430,14:23:11,18.406,6.326,5347066.337453,5335813.895243,1.67172
sh688337,普源精电,57.31,2.57,4.695,57.31,57.34,54.74,54.7,58.5,54.1,7856599,446367913,14:23:13,130.25,3.515,1111094.283827,1065490.109222,4.22586
sh688338,赛科希德,29.55,0.37,1.268,29.54,29.55,29.18,29.42,29.63,28.99,723191,21197368,14:23:12,27.617,1.884,313650.792,313650.792,0.68134
sh688339,亿华通,25.64,0.76,3.055,25.64,25.65,24.88,25.06,25.9,25.0,4491939,114364188,14:23:12,-13.015,2.723,616724.255684,501998.173116,2.2943
sh688343,云天励飞,91.0,1.8,2.018,90.92,91.0,89.2,89.77,92.29,88.18,13522712,1224115951,14:23:14,-55.828,8.435,3272390.758,3272390.758,3.76045
sh688345,博力威,52.25,-1.06,-1.988,52.25,52.3,53.31,53.34,53.89,51.83,3887689,204517188,14:23:09,93.304,4.712,528506.1375,522500.0,3.88769
sh688347,华虹公司,124.68,1.34,1.086,124.67,124.68,123.34,123.56,127.53,122.3,11941148,1489250978,14:23:11,566.727,4.797,21664798.182324,5083827.0,2.92855
sh688348,昱能科技,53.42,0.76,1.443,53.42,53.43,52.66,52.65,53.55,52.34,1562563,83107893,14:23:14,59.356,2.305,834834.05777,834834.05777,0.99986
sh688349,三一重能,23.67,-0.05,-0.211,23.66,23.67,23.72,23.77,23.95,23.51,4162866,98576328,14:23:13,15.704,2.187,2902898.776905,2815509.136905,0.34997
sh688350,富淼科技,28.86,0.82,2.924,28.86,28.87,28.04,28.04,29.16,27.98,2548805,72760170,14:23:12,222.0,3.058,413403.996408,413403.996408,1.77934
sh688351,微电生理,24.25,0.06,0.248,24.24,24.25,24.19,24.15,24.4,23.78,3887406,93448087,14:23:10,223.502,6.333,1141205.0,1141205.0,0.82605
sh688352,颀中科技,12.92,0.14,1.095,12.92,12.93,12.78,12.76,12.94,12.71,6399531,81982986,14:23:12,49.692,2.554,1536236.176096,472718.410916,1.74907
sh688353,华盛锂电,125.16,2.16,1.756,125.15,125.16,123.0,123.0,128.21,122.3,5807170,728363239,14:23:11,1390.667,5.818,1996302.0,1996302.0,3.64086
sh688355,明志科技,23.3,0.85,3.786,23.3,23.31,22.45,22.44,23.45,22.3,2480706,56616342,14:23:14,43.148,2.711,288817.64776,288817.64776,2.00128
sh688356,键凯科技,108.08,4.23,4.073,108.06,108.07,103.85,104.54,110.0,102.72,1435892,154238219,14:23:05,220.571,5.051,655512.7656,655512.7656,2.36748
sh688357,建龙微纳,35.92,0.41,1.155,35.92,35.93,35.51,35.98,36.35,35.08,748741,26794916,14:23:03,47.893,2.07,359415.071,359415.071,0.74829
sh688358,祥生医疗,30.15,0.51,1.721,30.14,30.15,29.64,29.68,30.21,29.39,798367,23756081,14:23:12,23.929,2.415,338058.723195,337606.473195,0.71298
sh688359,三孚新科,95.95,4.15,4.521,95.9,95.95,91.8,92.97,97.49,90.3,4884432,460063726,14:23:13,-685.357,15.237,947469.280465,947469.280465,4.94645
sh688360,德马科技,19.21,0.43,2.29,19.2,19.21,18.78,18.78,19.24,18.77,1780637,33917166,14:23:10,39.204,3.447,506655.426307,484641.473235,0.7058
sh688361,中科飞测,176.95,3.12,1.795,176.95,176.97,173.83,173.8,180.06,171.05,3753448,660987312,14:23:12,-4423.75,24.315,6196138.478715,4393510.23592,1.51171
sh688362,甬矽电子,48.85,1.32,2.777,48.83,48.85,47.53,48.34,49.68,47.82,10533735,514120984,14:23:12,305.313,7.859,2005246.048535,2005246.048535,2.56613
sh688363,华熙生物,43.18,-0.09,-0.208,43.15,43.18,43.27,43.26,43.26,42.56,1927386,82622499,14:23:14,119.944,2.946,2079886.648956,2079886.648956,0.40014
sh688365,光云科技,19.86,1.41,7.642,19.85,19.86,18.45,18.41,20.17,18.41,21224091,409492034,14:23:12,-104.526,8.925,845687.822424,845687.822424,4.98423
sh688366,昊海生科,39.08,-0.02,-0.051,39.05,39.08,39.1,39.08,39.18,38.75,290736,11312204,14:23:07,36.185,1.658,898765.33766,758354.64934,0.14982
sh688367,工大高科,38.07,0.97,2.615,38.06,38.09,37.1,37.1,38.46,36.37,2924660,110584278,14:23:12,126.9,5.66,333586.8522,333586.8522,3.33772
sh688368,晶丰明源,146.28,3.46,2.423,146.28,146.3,142.82,141.28,148.31,140.0,1669103,242583453,14:23:12,-384.947,16.083,1884859.738476,1294585.036068,1.88598
sh688369,致远互联,25.14,0.49,1.988,25.13,25.15,24.65,24.64,25.46,24.43,4482351,112709206,14:23:07,-12.263,3.424,289658.230494,289658.230494,3.89032
sh688370,丛麟科技,25.51,1.26,5.196,25.51,25.52,24.25,24.24,25.55,24.24,1281024,31798952,14:23:12,39.246,1.324,349762.199329,349762.199329,0.93432
sh688371,菲沃泰,21.19,0.24,1.146,21.18,21.19,20.95,21.03,21.39,20.81,1273069,26794989,14:23:13,163.0,3.61,710865.922364,710865.922364,0.37949
sh688372,伟测科技,155.75,1.13,0.731,155.86,155.87,154.62,153.74,157.85,152.21,5174811,802064871,14:23:13,137.832,9.222,2612934.595075,2612934.595075,3.08457
sh688373,盟科药业,6.4,0.04,0.629,6.39,6.4,6.36,6.35,6.41,6.22,11017167,69786483,14:23:09,-17.297,20.434,419986.1632,387608.2528,1.8191
sh688375,国博电子,127.74,5.24,4.278,127.71,127.72,122.5,122.5,128.88,121.89,7507235,943515826,14:23:14,150.282,11.776,7613494.3326,7613494.3326,1.25957
sh688376,美埃科技,73.31,0.01,0.014,73.29,73.3,73.3,73.14,74.43,72.39,1712115,125766675,14:23:06,51.266,5.136,991532.001464,991532.001464,1.26587
sh688377,迪威尔,39.72,1.16,3.008,39.69,39.72,38.56,38.97,40.0,38.07,1539510,60457755,14:23:10,90.273,4.154,773120.891784,773120.891784,0.79094
sh688378,奥来德,37.29,0.39,1.057,37.28,37.29,36.9,36.89,37.4,36.61,2705804,99980338,14:23:13,86.721,5.854,974854.436556,898541.969259,1.12292
sh688379,华光新材,51.85,2.32,4.684,51.84,51.85,49.53,49.75,52.18,49.69,3192313,163380882,14:23:12,55.16,4.341,492463.838785,467093.4212,3.54365
sh688380,中微半导,46.83,0.77,1.672,46.82,46.83,46.06,46.46,47.01,45.88,5753352,268036758,14:23:14,65.958,5.901,1874909.295,1874909.295,1.43703
sh688381,帝奥微,25.15,0.39,1.575,25.15,25.18,24.76,24.58,25.98,24.51,8289436,210072069,14:23:14,-132.368,2.398,622462.5,622462.5,3.34927
sh688382,益方生物,22.6,1.33,6.253,22.57,22.59,21.27,21.22,23.08,20.87,29473295,655892495,14:23:13,-41.248,8.509,1307067.58966,1307067.58966,5.09611
sh688383,新益昌,94.68,-0.52,-0.546,94.61,94.67,95.2,95.48,95.84,93.0,1056703,99972977,14:23:02,236.7,7.035,962389.062,962389.062,1.03959
sh688385,复旦微电,69.74,1.05,1.529,69.74,69.77,68.69,68.68,69.9,67.7,7085713,488267688,14:23:12,249.071,9.364,5744576.2055,3761658.7855,1.31367
sh688386,泛亚微透,79.15,0.58,0.738,79.15,79.17,78.57,79.81,81.5,78.6,864584,68592582,14:22:58,55.739,9.74,788404.90257,720265.0,0.95009
sh688387,信科移动,17.38,0.49,2.901,17.37,17.38,16.89,16.72,17.8,16.7,92815161,1605796614,14:23:13,-217.25,9.761,5941787.5,3505158.7736,4.60215
sh688388,嘉元科技,49.22,0.62,1.276,49.21,49.22,48.6,49.17,49.5,47.36,21412875,1038239367,14:23:14,-87.893,3.293,2242826.39438,2242826.39438,4.69917
sh688389,普门科技,12.66,-0.04,-0.315,12.66,12.67,12.7,12.69,12.7,12.58,1558091,19691935,14:23:10,15.63,2.581,542462.93418,542462.93418,0.36363
sh688390,固德威,86.95,0.4,0.462,86.89,86.93,86.55,87.34,88.42,85.6,6579625,572761529,14:23:12,-334.423,7.781,2113425.976815,2113425.976815,2.70697
sh688391,钜泉科技,30.89,0.35,1.146,30.89,30.92,30.54,30.69,30.9,30.06,643104,19725275,14:23:13,38.709,1.914,355795.83884,355795.83884,0.55834
sh688392,骄成超声,129.34,2.06,1.618,129.33,129.34,127.28,128.3,132.0,126.55,1448199,187565360,14:23:12,124.365,8.308,1496895.27824,1496895.27824,1.25132
sh688393,安必平,23.75,0.24,1.021,23.73,23.75,23.51,23.65,23.78,23.17,967322,22754051,14:23:06,103.261,1.813,222223.285125,222223.285125,1.03382
sh688395,正弦电气,26.72,0.63,2.415,26.72,26.73,26.09,26.08,26.77,25.8,651775,17162575,14:23:12,60.727,2.97,231389.10784,231389.10784,0.75265
sh688396,华润微,48.98,0.68,1.408,48.99,49.0,48.3,48.36,49.09,48.21,10717972,521739384,14:23:13,84.961,2.842,6505575.91064,6505575.91064,0.80695
sh688398,赛特新材,27.44,-0.52,-1.86,27.44,27.45,27.96,27.76,27.92,26.92,2449346,66911939,14:23:12,59.652,4.472,460482.17852,460482.17852,1.45956
sh688399,硕世生物,53.08,2.16,4.242,53.08,53.09,50.92,51.3,53.1,50.05,1475289,76620436,14:23:12,-1769.333,1.5,445191.095068,445191.095068,1.75898
sh688400,凌云光,48.06,0.83,1.757,48.06,48.07,47.23,47.54,48.09,46.71,8890418,421622121,14:23:12,208.957,5.704,2303181.27837,2215454.178798,1.9286
sh688401,路维光电,54.57,1.97,3.745,54.56,54.57,52.6,53.3,54.79,52.54,3660921,197202549,14:23:14,55.121,6.949,1055103.828615,1055103.828615,1.89343
sh688403,汇成股份,16.77,1.0,6.341,16.77,16.79,15.77,15.7,16.92,15.57,50340002,816446419,14:23:11,88.263,4.437,1561459.172559,1561459.172559,5.40649
sh688408,中信博,41.01,1.18,2.963,41.01,41.02,39.83,40.2,41.29,39.5,4853708,196901131,14:23:12,13.186,2.111,898389.198486,898389.198486,2.21564
sh688409,富创精密,98.72,-1.38,-1.379,98.72,98.73,100.1,101.8,101.8,97.7,3493788,346828068,14:23:14,124.962,6.566,3022912.731312,3022912.731312,1.14097
sh688410,山外山,15.88,-0.04,-0.251,15.87,15.88,15.92,16.0,16.0,15.66,3211678,50627481,14:23:13,71.628,2.863,507525.787736,507525.787736,1.0049
sh688411,海博思创,235.52,4.19,1.811,235.52,235.53,231.33,233.0,237.31,230.0,2727350,639970881,14:23:12,48.461,9.467,4241538.371584,3122389.348352,2.05722
sh688416,恒烁股份,84.2,2.12,2.583,84.16,84.21,82.08,81.96,84.69,80.28,3734135,308339250,14:23:14,-43.179,5.508,698907.90138,698907.90138,4.49865
sh688418,震有科技,47.69,0.49,1.038,47.69,47.7,47.2,47.48,47.7,46.2,6971751,326906898,14:23:12,334.667,10.519,918293.049546,918293.049546,3.62066
sh688419,耐科装备,48.33,-0.17,-0.351,48.36,48.41,48.5,48.48,48.89,47.48,1882898,90800103,14:23:13,69.043,5.334,553628.216277,287609.621319,3.16403
sh688420,美腾科技,25.0,0.91,3.778,24.97,25.0,24.09,24.0,25.06,23.87,662675,16293096,14:23:01,53.191,1.54,221075.0,104347.5,1.58766
sh688425,铁建重工,4.84,-0.02,-0.412,4.84,4.85,4.86,4.86,4.88,4.82,19866172,96295916,14:23:11,17.286,1.389,2581412.548,2581412.548,0.37248
sh688426,康为世纪,20.47,0.1,0.491,20.47,20.51,20.37,20.36,20.58,20.02,794156,16155248,14:23:12,-14.477,1.656,230274.636652,78661.231696,2.06663
sh688428,诺诚健华,31.3,0.13,0.417,31.3,31.31,31.17,30.86,31.91,30.35,13638150,424391481,14:23:11,82.368,7.148,5523335.56976,839965.91421,5.08204
sh688429,时创能源,14.88,-0.25,-1.652,14.88,14.89,15.13,15.36,15.36,14.51,4117668,60876361,14:23:14,-9.129,4.123,595201.1904,178302.973296,3.43634
sh688432,有研硅,14.68,0.23,1.592,14.68,14.69,14.45,14.5,14.69,14.28,7751603,112360976,14:23:13,87.277,4.06,1835443.127544,1835443.127544,0.61998
sh688433,华曙高科,82.81,3.91,4.956,82.72,82.8,78.9,78.91,83.47,78.91,6915240,566465103,14:23:14,487.118,16.581,3429731.8328,1673625.87392,3.42162
sh688435,英方软件,43.07,0.87,2.062,43.09,43.1,42.2,42.88,43.19,42.13,1839013,78740740,14:23:13,-126.676,3.273,359634.5,241399.38205,3.28113
sh688439,振华风光,51.13,-0.02,-0.039,51.13,51.14,51.15,51.16,51.34,50.85,1790577,91459274,14:23:06,31.705,2.052,1022600.0,1022600.0,0.89529
sh688443,智翔金泰,32.3,0.3,0.937,32.3,32.31,32.0,32.03,32.36,31.71,4250322,136055371,14:23:13,-14.885,6.625,1184376.4,376876.4,3.64272
sh688448,磁谷科技,61.73,0.93,1.53,61.73,61.74,60.8,61.78,63.8,61.09,1568351,97463132,14:23:06,85.736,4.372,442309.6479,442309.6479,2.18884
sh688449,联芸科技,47.92,1.43,3.076,47.9,47.91,46.49,46.68,48.9,46.05,8454619,404632504,14:23:12,154.581,11.567,2204320.0,1405034.21492,2.88353
sh688450,光格科技,40.6,0.6,1.5,40.6,40.63,40.0,40.0,40.92,39.75,1365995,55181676,14:23:00,-39.804,2.793,267960.0,198658.52832,2.79169
sh688455,科捷智能,28.85,0.69,2.45,28.8,28.85,28.16,28.17,28.85,27.78,2159634,61102243,14:23:12,-84.853,5.59,484768.47141,484768.47141,1.28526
sh688456,有研粉材,57.14,0.63,1.115,57.12,57.17,56.51,56.51,57.37,56.33,1588321,90359078,14:23:10,100.246,4.747,592313.24,592313.24,1.53224
sh688458,美芯晟,35.75,0.25,0.704,35.75,35.77,35.5,35.39,35.85,35.36,955672,34022256,14:23:07,-58.607,2.153,398743.448675,304120.034075,1.12341
sh688459,哈铁科技,9.34,0.14,1.522,9.34,9.35,9.2,9.2,9.35,9.16,1112670,10356785,14:23:11,35.69,1.318,448320.0,448320.0,0.23181
sh688466,金科环境,17.48,0.28,1.628,17.48,17.51,17.2,17.18,17.54,16.93,1482758,25600270,14:23:14,31.782,1.849,213525.457696,213525.457696,1.21384
sh688468,科美诊断,7.28,0.07,0.971,7.28,7.29,7.21,7.2,7.29,7.16,2458659,17744265,14:23:11,22.75,2.073,292006.624,292006.624,0.61297
sh688469,芯联集成,6.65,0.04,0.605,6.64,6.65,6.61,6.64,6.67,6.59,44526946,295207508,14:23:13,-47.5,4.218,5574486.96938,2945817.0,1.00517
sh688472,阿特斯,13.42,0.22,1.667,13.42,13.43,13.2,13.24,13.45,13.09,34136779,454805371,14:23:14,22.0,2.082,4889094.030304,1808552.192722,2.53305
sh688475,萤石网络,29.41,0.15,0.513,29.4,29.41,29.26,29.31,29.82,29.2,5776697,170380819,14:23:11,40.876,3.878,2316037.5,2316037.5,0.73355
sh688478,晶升股份,37.85,1.4,3.841,37.84,37.85,36.45,36.5,38.8,35.89,4961421,184845240,14:23:14,97.051,3.411,523715.67336,391404.82881,4.79784
sh688479,友车科技,35.49,2.97,9.133,35.49,35.5,32.52,32.54,36.13,32.54,4033733,141347077,14:23:11,63.375,2.767,512182.4526,221164.4526,6.47288
sh688480,赛恩斯,87.77,2.5,2.932,87.53,87.59,85.27,85.67,89.0,84.6,2803561,243395658,14:23:13,46.195,7.646,836677.873083,836677.873083,2.94102
sh688484,南芯科技,37.54,0.2,0.536,37.5,37.53,37.34,37.0,37.9,37.0,3018862,113410997,14:23:12,52.139,3.931,1605447.54018,1605447.54018,0.7059
sh688485,九州一轨,43.2,1.19,2.833,43.19,43.2,42.01,42.13,43.79,40.64,10596484,448207824,14:23:12,540.0,5.181,649261.70784,383434.46496,11.93863
sh688486,龙迅股份,67.95,3.51,5.447,67.95,68.0,64.44,66.15,68.67,66.15,3722081,252048998,14:23:12,52.269,5.671,905961.59919,905906.688795,2.79185
sh688488,艾迪药业,19.98,-0.53,-2.584,19.94,19.98,20.51,20.0,20.08,19.52,12088312,239787046,14:23:12,-430.603,8.715,840724.050384,840724.050384,2.87282
sh688489,三未信安,39.73,0.27,0.684,39.73,39.79,39.46,39.51,39.89,39.38,496871,19673697,14:23:06,-104.608,2.495,457728.042748,454235.298988,0.43459
sh688496,清越科技,5.78,-0.1,-1.701,5.77,5.78,5.88,5.88,5.88,5.66,6096643,35013191,14:23:12,-38.533,2.655,260100.0,137532.5568,2.5622
sh688498,源杰科技,1296.99,10.99,0.855,1296.99,1297.0,1286.0,1269.0,1305.0,1268.0,1973792,2544844842,14:23:14,579.013,47.796,11147334.114474,11003481.5814,2.32653
sh688499,利元亨,51.1,0.57,1.128,51.07,51.1,50.53,51.08,52.09,50.0,4197638,214637426,14:23:13,164.839,3.734,862202.6861,862202.6861,2.48781
sh688500,慧辰股份,54.01,5.91,12.287,54.0,54.01,48.1,48.15,54.75,48.15,4358712,228612510,14:23:10,-73.986,5.708,406677.53071,395979.22991,5.94511
sh688501,青达环保,26.12,-0.18,-0.684,26.12,26.13,26.3,26.55,26.56,25.79,1609005,41932507,14:23:05,34.368,3.037,324478.312,324478.312,1.29522
sh688502,茂莱光学,353.33,7.83,2.266,353.2,353.4,345.5,355.13,358.5,347.0,865665,306909895,14:23:13,400.783,15.511,1865582.4,1865582.4,1.63952
sh688503,聚和材料,95.89,3.4,3.676,95.88,95.89,92.49,92.9,96.87,91.0,10595209,1009113641,14:23:12,52.687,4.633,2320860.602727,1926620.010145,5.27335
sh688505,复旦张江,8.04,-0.04,-0.495,8.03,8.04,8.08,8.03,8.08,7.96,3437370,27563261,14:23:14,-53.6,3.938,833403.9684,571299.9684,0.48375
sh688506,百利天恒,312.08,-1.77,-0.564,312.08,312.09,313.85,308.5,313.78,302.09,1537091,476137806,14:23:13,33.738,17.968,12884966.080936,12884966.080936,0.37229
sh688507,索辰科技,93.7,6.27,7.171,93.62,93.68,87.43,88.8,94.1,87.88,2754865,252242920,14:23:14,199.362,3.035,834949.30608,461338.7901,5.59526
sh688508,芯朋微,65.41,1.66,2.604,65.39,65.41,63.75,63.77,66.17,63.39,3211026,208524348,14:23:07,45.11,3.151,858900.973186,858900.973186,2.44537
sh688509,正元地信,4.56,0.04,0.885,4.55,4.56,4.52,4.52,4.57,4.5,4423477,20032143,14:23:09,-20.24,2.83,351120.0,175465.2432,1.14958
sh688510,航亚科技,32.91,-0.29,-0.873,32.9,32.94,33.2,33.13,33.49,32.5,7533257,247594350,14:23:13,67.163,7.189,854088.902928,854088.902928,2.90274
sh688511,*ST天微,22.5,0.27,1.215,22.48,22.5,22.23,22.4,22.77,22.39,1367528,30846100,14:23:07,67.792,3.555,300775.24125,300775.24125,1.023
sh688512,慧智微,12.76,0.0,0.0,12.76,12.77,12.76,12.75,12.86,12.56,7654304,97527893,14:23:13,-13.292,3.439,595692.367248,414151.697696,2.35829
sh688513,苑东生物,66.13,-0.73,-1.092,66.1,66.12,66.86,66.82,67.41,65.5,2844288,188819374,14:23:12,48.625,4.073,1167407.808928,1167407.808928,1.6112
sh688515,裕太微,129.2,2.6,2.054,129.16,129.2,126.6,127.1,129.52,126.38,1361426,174697961,14:23:12,-51.067,6.884,1033600.0,643666.648,2.73272
sh688516,奥特维,77.28,2.16,2.875,77.28,77.3,75.12,75.2,79.4,72.1,13867396,1060954316,14:23:14,19.081,6.708,2436871.329648,2432468.819424,4.4057
sh688517,金冠电气,21.51,0.24,1.128,21.51,21.52,21.27,21.4,21.52,20.7,3953119,83652569,14:23:11,32.104,3.673,293854.958784,293854.958784,2.89366
sh688518,联赢激光,26.79,0.83,3.197,26.77,26.79,25.96,26.2,27.07,25.96,8807678,234363410,14:23:11,54.673,2.855,914409.929505,914409.929505,2.58044
sh688519,南亚新材,154.78,-8.2,-5.031,154.7,155.0,162.98,159.0,160.8,150.95,8060741,1238180285,14:23:14,144.654,12.63,3633785.568956,3633785.568956,3.43345
sh688520,神州细胞,44.86,1.58,3.651,44.86,44.87,43.28,43.28,46.17,42.58,5950340,264335482,14:23:13,186.917,-29.139,2109926.013004,1997776.013004,1.33615
sh688521,芯原股份,239.26,-14.98,-5.892,239.25,239.26,254.24,252.0,254.0,219.0,42919922,10154927671,14:23:13,-232.291,36.819,12583048.821798,12583048.821798,8.161
sh688522,纳睿雷达,35.63,1.38,4.029,35.61,35.63,34.25,34.24,35.67,34.05,4200477,147842523,14:23:12,101.8,4.748,1079573.344178,438594.632378,3.41233
sh688523,航天环宇,69.17,0.26,0.377,69.15,69.17,68.91,68.57,70.33,67.0,8164564,561889768,14:23:11,275.797,16.72,2814388.96,667600.736229,8.45929
sh688525,佰维存储,288.16,2.75,0.964,288.16,288.17,285.41,273.0,291.8,271.99,38836804,10987031448,14:23:11,154.096,15.939,13567630.63536,13567630.63536,8.24847
sh688526,科前生物,15.24,0.07,0.461,15.23,15.24,15.17,15.2,15.25,15.06,1674336,25388534,14:23:06,16.933,1.676,710379.157344,710379.157344,0.3592
sh688528,秦川物联,10.94,0.37,3.5,10.91,10.94,10.57,10.66,11.04,10.42,1571029,16926519,14:23:12,-26.683,3.706,183792.0,183792.0,0.93514
sh688529,豪森智能,18.26,0.37,2.068,18.26,18.27,17.89,18.1,18.3,17.93,985986,17916370,14:23:01,-34.453,1.733,307089.290178,307089.290178,0.58628
sh688530,欧莱新材,31.54,-0.22,-0.693,31.53,31.54,31.76,31.58,31.99,30.61,5408834,169621500,14:23:13,157.7,6.111,504781.374896,213772.455416,7.9802
sh688531,日联科技,83.75,0.0,0.0,0.0,0.0,83.75,0.0,0.0,0.0,0,0,14:23:08,67.0,4.188,1386849.239125,961272.676125,0.0
sh688533,上声电子,26.93,0.25,0.937,26.91,26.93,26.68,26.65,26.95,26.65,803536,21550101,14:23:13,18.32,2.692,444310.101413,444310.101413,0.48703
sh688535,华海诚科,125.17,1.07,0.862,125.16,125.17,124.1,124.48,127.4,123.0,2345109,293434987,14:23:14,417.233,5.62,1201811.280991,1010077.502201,2.90609
sh688536,思瑞浦,196.31,6.31,3.321,196.04,196.3,190.0,190.05,201.2,187.51,4996256,973057608,14:23:13,151.008,4.356,2710559.806773,2662925.106749,3.68322
sh688538,和辉光电,2.28,0.01,0.441,2.28,2.29,2.27,2.27,2.29,2.27,37194459,84664122,14:23:14,-12.667,3.634,3148551.7785,1311509.7453,0.64661
sh688539,高华科技,38.08,0.19,0.501,38.08,38.09,37.89,37.88,38.28,37.4,2391305,90317208,14:23:13,126.933,4.067,707983.36,398773.76,2.28352
sh688543,国科军工,71.41,0.71,1.004,71.41,71.42,70.7,71.2,72.27,70.13,4237351,302429899,14:23:12,60.517,6.177,1491340.921948,828084.841948,3.65408
sh688545,兴福电子,52.04,-0.04,-0.077,52.04,52.05,52.08,52.33,53.15,51.1,4537113,235103168,14:23:11,88.203,6.339,1873440.0,948429.0,2.4895
sh688548,广钢气体,26.17,2.31,9.681,26.16,26.17,23.86,24.15,26.23,23.82,33558322,843666364,14:23:12,137.737,5.837,3452865.929457,1808893.958234,4.85502
sh688549,中巨芯,9.26,0.12,1.313,9.26,9.27,9.14,9.19,9.27,9.07,13745415,126414534,14:23:13,1322.857,4.486,1367957.576,545709.394,2.33242
sh688550,瑞联新材,41.85,0.16,0.384,41.89,41.91,41.69,42.0,42.17,41.4,1742455,72742023,14:23:14,28.862,2.243,727538.97303,727538.97303,1.00231
sh688551,科威尔,46.7,0.86,1.876,46.69,46.7,45.84,46.07,46.74,44.41,2295046,105377343,14:23:11,79.153,3.011,392610.21103,392610.21103,2.7299
sh688552,航天南湖,46.61,0.76,1.658,46.61,46.62,45.85,45.55,47.68,45.1,6281920,293245105,14:23:11,-202.652,6.062,1571912.928,404703.215211,7.23494
sh688553,汇宇制药,19.98,-0.26,-1.285,19.96,19.98,20.24,20.23,20.58,19.81,9871960,199172017,14:23:10,25.948,2.268,846352.8,686392.37055,2.8736
sh688556,高测股份,14.33,1.05,7.907,14.33,14.34,13.28,13.68,14.57,13.28,66462542,936448521,14:23:13,-286.6,3.02,1190499.047422,1190499.047422,8.00008
sh688557,兰剑智能,32.14,0.95,3.046,32.14,32.15,31.19,31.51,32.16,31.17,1305233,41452993,14:23:11,30.037,2.673,330012.36296,330012.36296,1.27117
sh688558,国盛智科,30.31,0.37,1.236,30.32,30.34,29.94,30.2,30.35,29.8,1043540,31414659,14:23:02,31.247,2.384,400092.0,400092.0,0.79056
sh688559,海目星,56.3,0.8,1.441,56.29,56.3,55.5,56.04,56.92,55.61,4154542,234051381,14:23:12,-74.079,5.904,1394883.41772,1394883.41772,1.67685
sh688560,明冠新材,14.84,0.36,2.486,14.85,14.86,14.48,14.54,14.86,14.41,2884548,42348914,14:23:11,-42.4,1.125,298732.046312,298732.046312,1.43295
sh688561,奇安信,30.64,0.5,1.659,30.64,30.65,30.14,30.5,30.7,30.2,3392525,103582630,14:23:14,-15.168,2.567,2090422.3494,2090422.3494,0.49725
sh688562,航天软件,19.9,0.02,0.101,19.89,19.9,19.88,20.0,20.06,19.7,3403090,67633884,14:23:13,-663.333,4.613,796000.0,344309.8,1.96688
sh688563,航材股份,61.1,-0.29,-0.472,61.1,61.11,61.39,61.5,61.7,60.53,2678339,163206706,14:23:12,51.345,2.64,2749500.0,714802.74723,2.28939
sh688565,力源科技,12.93,0.32,2.538,12.92,12.94,12.61,12.61,13.01,12.42,2538218,32493997,14:23:10,646.5,3.935,193600.89,193600.89,1.6952
sh688566,吉贝尔,32.08,-0.02,-0.062,32.08,32.1,32.1,31.8,32.34,31.38,2933731,93522053,14:23:11,28.389,2.713,639774.21492,639774.21492,1.47105
sh688567,孚能科技,13.55,0.24,1.803,13.54,13.55,13.31,13.4,13.72,13.29,11668106,157598459,14:23:05,-50.185,1.721,1655950.764175,1655950.764175,0.95476
sh688568,中科星图,60.89,0.67,1.113,60.91,60.92,60.22,60.29,61.71,58.7,11196144,674107979,14:23:14,1522.25,13.0,4920392.495168,4920392.495168,1.38553
sh688569,铁科轨道,20.43,0.07,0.344,20.43,20.44,20.36,20.35,20.45,20.18,969611,19663858,14:23:10,25.222,1.46,430392.0681,430392.0681,0.46026
sh688570,天玛智控,17.96,0.07,0.391,17.95,17.96,17.89,17.91,17.98,17.6,455682,8139750,14:23:01,78.087,1.808,777668.0,338007.2,0.24213
sh688571,杭华股份,7.78,0.08,1.039,7.77,7.78,7.7,7.75,7.8,7.58,2223732,17092704,14:23:13,22.882,2.05,330004.8046,330004.8046,0.52425
sh688573,信宇人,21.49,0.48,2.285,21.48,21.49,21.01,21.07,21.56,20.88,3689479,78848167,14:23:13,-33.062,3.308,210074.179812,114361.667525,6.933
sh688575,亚辉龙,14.66,-0.34,-2.267,14.66,14.67,15.0,15.0,15.0,14.64,4816112,71060812,14:23:10,27.66,3.099,837655.2478,837655.2478,0.84288
sh688576,西山科技,70.06,0.28,0.401,70.06,70.08,69.78,69.74,70.15,68.83,182007,12644070,14:23:12,35.563,1.855,318773.42036,152676.426434,0.83519
sh688577,浙海德曼,67.23,0.76,1.143,67.22,67.23,66.47,68.0,68.13,65.9,534549,35653178,14:23:11,197.735,7.496,748133.618067,748133.618067,0.48037
sh688578,艾力斯,99.07,-1.18,-1.177,99.08,99.09,100.25,99.5,100.4,98.28,4282425,424279785,14:23:12,31.154,6.86,4458150.0,4458150.0,0.95165
sh688579,地纬智能,11.34,0.41,3.751,11.33,11.34,10.93,10.95,11.41,10.85,7511641,83955035,14:23:12,70.787,3.289,453611.34,453611.34,1.87786
sh688580,伟思医疗,58.3,0.27,0.465,58.31,58.33,58.03,58.03,59.33,57.77,1157338,67672023,14:23:09,54.562,3.368,558346.60904,558346.60904,1.20844
sh688581,安杰思,56.23,0.27,0.482,56.23,56.3,55.96,55.96,56.38,55.6,172497,9654027,14:23:05,15.442,1.833,456149.450217,233690.198723,0.41506
sh688582,芯动联科,61.81,0.54,0.881,61.81,61.83,61.27,61.26,61.87,60.91,3316929,203433381,14:23:12,81.329,9.82,2483149.105136,1546603.985136,1.32561
sh688583,思看科技,125.28,0.28,0.224,125.12,125.27,125.0,124.99,129.01,124.14,1302169,164501398,14:23:12,53.085,9.586,1107475.2,385905.521376,4.22735
sh688584,上海合晶,20.19,0.25,1.254,20.18,20.19,19.94,20.0,20.3,19.89,2194329,44058154,14:23:10,106.263,3.254,1343560.414707,691378.74837,0.6408
sh688585,上纬新材,127.93,1.68,1.331,127.93,127.94,126.25,128.28,131.07,125.85,3349046,430668218,14:23:13,1279.3,38.32,5160206.586304,5160206.586304,0.83028
sh688586,江航装备,14.42,0.01,0.069,14.41,14.42,14.41,14.41,14.52,14.27,5087335,73298644,14:23:14,206.0,4.61,1141111.062952,1141111.062952,0.64288
sh688588,凌志软件,12.19,0.22,1.838,12.19,12.2,11.97,12.0,12.22,11.99,2878362,34887917,14:23:12,38.249,3.959,487612.193657,487612.193657,0.71957
sh688589,力合微,22.67,0.42,1.888,22.66,22.67,22.25,22.24,22.72,22.16,2377765,53609967,14:23:14,161.929,3.454,329459.750306,329459.750306,1.63613
sh688590,新致软件,14.99,0.94,6.69,14.99,15.0,14.05,14.1,15.32,14.04,19068438,282613054,14:23:12,499.667,2.943,421994.258816,421994.258816,6.77345
sh688591,泰凌微,35.31,0.83,2.407,35.31,35.32,34.48,34.45,35.35,34.3,5822187,203030020,14:23:12,65.389,3.492,850065.425616,594752.304036,3.45659
sh688592,司南导航,44.56,1.46,3.387,44.52,44.56,43.1,43.1,44.64,43.01,1338084,58912378,14:22:57,-84.075,3.875,358532.495984,171653.020488,3.47358
sh688593,新相微,32.17,0.99,3.175,32.17,32.19,31.18,30.56,32.36,30.56,6771714,215831565,14:23:13,1787.222,9.537,1478306.118404,1038067.102891,2.09857
sh688595,芯海科技,34.3,1.45,4.414,34.29,34.3,32.85,32.84,34.73,32.61,4344139,147396164,14:23:08,-45.733,7.285,494240.73244,494240.73244,3.01481
sh688596,正帆科技,32.29,0.43,1.35,32.28,32.3,31.86,32.3,32.38,31.67,4452746,143078217,14:23:11,17.176,2.654,949749.447831,949749.447831,1.51386
sh688597,煜邦电力,9.01,0.06,0.67,9.0,9.01,8.95,8.94,9.02,8.77,3906079,34701237,14:23:13,18.388,3.616,302790.308676,302790.308676,1.16232
sh688598,金博股份,23.58,0.28,1.202,23.57,23.58,23.3,23.56,23.74,23.26,2589060,60910615,14:23:13,-5.925,0.985,489457.407528,480031.302528,1.27179
sh688599,天合光能,16.64,0.28,1.711,16.63,16.64,16.36,16.41,16.67,16.34,25206981,416870273,14:23:13,-10.465,1.83,3898032.629504,3898032.629504,1.07604
sh688600,皖仪科技,27.6,0.27,0.988,27.6,27.63,27.33,27.17,27.91,27.08,1919969,52562099,14:23:12,250.909,4.892,371795.4324,371795.4324,1.42528
sh688601,力芯微,52.45,-0.05,-0.095,52.42,52.43,52.5,52.79,53.74,51.74,5385986,284152159,14:23:06,187.321,5.614,701218.2115,701218.2115,4.02863
sh688602,康鹏科技,8.25,-0.01,-0.121,8.24,8.25,8.26,8.26,8.32,8.11,10656245,87509466,14:23:12,-82.5,1.536,428484.375,214166.832825,4.10493
sh688603,天承科技,94.16,-4.4,-4.464,94.1,94.22,98.56,98.5,98.5,93.86,5349797,510202033,14:23:13,105.798,10.074,1174406.117984,446521.851512,11.28135
sh688605,先锋精科,64.57,0.64,1.001,64.57,64.64,63.93,65.0,65.33,64.0,1893279,122037975,14:23:14,69.43,7.952,1306766.730192,699627.12061,1.74735
sh688606,奥泰生物,61.17,0.27,0.443,61.18,61.21,60.9,60.95,61.25,60.63,185005,11291482,14:23:07,16.013,1.243,484960.990035,484960.990035,0.23335
sh688607,康众医疗,65.38,3.08,4.944,65.38,65.39,62.3,62.29,66.0,59.8,4474591,281965494,14:23:13,326.9,6.711,576187.578526,576187.578526,5.07732
sh688608,恒玄科技,168.77,0.69,0.411,168.77,168.78,168.08,168.33,169.98,166.5,3828444,644213710,14:23:12,47.654,4.037,2847044.165595,2847044.165595,2.26946
sh688609,九联科技,8.52,0.07,0.828,8.52,8.53,8.45,8.44,8.54,8.38,5011375,42440615,14:23:14,-29.676,4.793,426000.0,426000.0,1.00228
sh688610,埃科光电,112.5,-0.4,-0.354,112.3,112.5,112.9,111.77,114.6,108.01,2285047,251681606,14:23:07,117.188,5.046,765000.0,460491.39,5.58247
sh688611,杭州柯林,58.24,3.3,6.007,58.27,58.29,54.94,56.2,58.68,54.69,1705229,96942665,14:23:11,86.925,10.276,893341.0304,893341.0304,1.1117
sh688612,威迈斯,31.86,0.23,0.727,31.84,31.85,31.63,31.76,32.17,31.12,4458414,140907171,14:23:14,23.955,3.682,1335533.280228,804632.682366,1.76534
sh688613,奥精医疗,21.45,0.11,0.515,21.46,21.47,21.34,21.4,21.5,20.97,1840775,39082625,14:23:11,-238.333,2.048,293883.41268,293883.41268,1.34355
sh688615,合合信息,186.82,8.12,4.544,186.81,186.83,178.7,181.3,187.96,180.02,5736607,1060916277,14:23:16,57.66,8.952,2615480.0,1805993.498408,5.9342
sh688616,西力科技,13.64,0.28,2.096,13.64,13.65,13.36,13.38,13.67,13.22,1586001,21286030,14:23:11,23.119,2.88,244671.95346,244671.95346,0.88417
sh688617,惠泰医疗,257.76,-0.74,-0.286,257.48,257.99,258.5,258.49,260.8,256.12,453735,117194318,14:23:15,44.289,11.77,3635492.895504,3635492.895504,0.3217
sh688618,三旺通信,41.23,1.86,4.724,41.23,41.24,39.37,38.56,42.5,37.4,9200443,361009320,14:23:14,137.433,5.177,454295.35249,453727.277304,8.3604
sh688619,罗普特,15.55,0.25,1.634,15.54,15.55,15.3,15.45,15.8,15.33,2205084,34073966,14:23:13,-14.398,3.606,288356.15531,288356.15531,1.18912
sh688620,安凯微,11.58,0.34,3.025,11.57,11.58,11.24,11.29,11.65,11.25,4493809,51593326,14:23:14,-77.2,3.369,453936.0,269024.84616,1.93433
sh688621,阳光诺和,66.99,-0.59,-0.873,67.0,67.04,67.58,67.57,67.89,66.2,1737875,116358854,14:23:08,42.399,6.456,750288.0,750288.0,1.55167
sh688622,禾信仪器,98.37,2.04,2.118,98.37,98.65,96.33,98.1,100.5,93.03,2010873,197183499,14:23:15,-149.045,18.907,693169.330077,693169.330077,2.8537
sh688623,双元科技,90.12,1.49,1.681,90.11,90.12,88.63,88.58,91.76,87.0,822786,74293759,14:22:58,60.892,2.528,532994.0124,172514.0124,4.29817
sh688625,呈和科技,71.45,3.22,4.719,71.25,71.45,68.23,70.66,72.5,67.1,4613373,322168565,14:23:09,38.622,9.188,1345553.194895,1345553.194895,2.44974
sh688626,翔宇医疗,59.44,0.46,0.78,59.43,59.49,58.98,58.7,59.52,58.5,1319659,77897787,14:23:14,90.061,4.693,951040.0,951040.0,0.82479
sh688627,精智达,278.85,3.41,1.238,278.75,278.84,275.44,275.62,284.9,267.85,2712676,752983365,14:23:14,396.996,15.214,2621517.76029,2017526.81988,3.74929
sh688628,优利德,64.46,-0.05,-0.078,64.45,64.46,64.51,64.55,65.98,63.38,2416566,155369399,14:23:08,38.831,5.647,720453.872248,720453.872248,2.16213
sh688629,华丰科技,132.6,0.62,0.47,132.6,132.61,131.98,134.13,138.58,129.4,23357633,3120007996,14:23:15,170.0,33.558,6112764.93906,2410443.20322,12.84918
sh688630,芯碁微装,235.53,0.53,0.226,235.53,235.6,235.0,234.6,236.93,224.9,6961463,1605445643,14:23:15,106.575,13.442,3102889.083948,3102889.083948,5.28422
sh688631,莱斯信息,56.74,2.88,5.347,56.74,56.8,53.86,54.06,59.88,53.95,3733333,212176054,14:23:10,71.823,5.12,927528.78,368072.38,5.7551
sh688633,星球石墨,26.2,0.64,2.504,26.2,26.23,25.56,25.55,26.29,25.46,1603739,41535151,14:23:14,25.686,2.344,376677.00438,376677.00438,1.11549
sh688636,智明达,45.56,1.11,2.497,45.54,45.56,44.45,44.8,46.22,43.76,5418791,243820139,14:23:14,74.689,5.675,792317.576624,763710.45718,3.23264
sh688638,誉辰智能,42.9,1.3,3.125,42.9,42.91,41.6,41.6,42.95,41.05,673220,28459122,14:23:03,-18.734,2.812,240240.0,113517.78438,2.5442
sh688639,华恒生物,28.52,0.2,0.706,28.51,28.52,28.32,28.44,28.63,28.3,2445205,69562505,14:23:13,53.811,2.695,713329.956436,713329.956436,0.97763
sh688646,ST逸飞,51.63,0.34,0.663,51.4,51.63,51.29,51.29,52.0,50.91,627570,32307761,14:23:11,198.577,3.278,486161.545104,299376.493044,1.0823
sh688648,中邮科技,53.0,1.12,2.159,52.99,53.0,51.88,51.97,53.09,51.87,1209602,63708386,14:23:16,-48.624,3.232,720800.0,368503.2972,1.73971
sh688651,盛邦安全,39.45,0.66,1.701,39.45,39.52,38.79,38.79,40.26,38.62,1632969,64467088,14:23:14,1972.5,3.205,297449.055,128032.71057,5.03158
sh688652,京仪装备,107.33,0.82,0.77,107.33,107.43,106.51,106.64,107.9,105.23,2607822,278272690,14:23:13,121.966,8.191,1803144.0,1296009.75,2.15969
sh688653,康希通信,13.3,0.18,1.372,13.29,13.3,13.12,13.12,13.31,13.08,3256302,43013798,14:23:16,-74.136,3.927,564558.4,420827.42401,1.02913
sh688655,迅捷兴,34.29,-0.56,-1.607,34.26,34.3,34.85,35.14,35.24,32.35,12262566,414464739,14:23:15,-201.706,6.962,457394.31,457394.31,9.19302
sh688656,浩欧博,138.9,2.27,1.661,138.7,138.9,136.63,137.19,139.87,135.2,319558,43965040,14:23:15,375.405,10.753,881733.5886,881733.5886,0.5034
sh688657,浩辰软件,48.89,0.79,1.642,48.87,48.89,48.1,48.29,49.01,48.04,657651,31965110,14:23:16,62.679,2.263,320299.354032,200666.765838,1.60229
sh688658,悦康药业,20.61,0.0,0.0,20.61,20.62,20.61,19.9,20.81,19.83,12773460,259855865,14:23:13,-34.932,2.798,927450.0,927450.0,2.83855
sh688659,元琛科技,10.05,0.4,4.145,10.05,10.07,9.65,9.78,10.18,9.6,2667169,26385457,14:23:11,-26.447,2.997,160800.0,160800.0,1.66698
sh688660,电气风电,12.7,0.35,2.834,12.69,12.7,12.35,12.34,12.73,12.3,10995099,138022695,14:23:14,-17.162,4.09,1693333.418,1693333.418,0.82463
sh688661,和林微纳,85.4,-1.57,-1.805,85.33,85.45,86.97,86.6,88.19,83.83,3742845,319285651,14:23:14,435.492,10.565,1297122.03404,1297122.03404,2.46422
sh688662,富信科技,64.88,-0.4,-0.613,64.88,64.89,65.28,65.33,65.67,63.93,4014558,260052999,14:23:14,124.769,7.966,572501.12,572501.12,4.54959
sh688663,新风光,62.3,0.53,0.858,62.25,62.27,61.77,61.69,63.08,60.52,2736493,169813240,14:23:14,90.29,6.388,881386.758,881386.758,1.93426
sh688665,四方光电,47.2,0.54,1.157,47.22,47.24,46.66,46.68,47.37,46.46,519798,24341345,14:23:15,41.77,4.233,477627.84952,477627.84952,0.51367
sh688667,菱电电控,136.19,-1.02,-0.743,136.2,136.27,137.21,134.74,138.58,131.0,2035977,274821073,14:23:08,52.18,4.015,717659.428883,717659.428883,3.86367
sh688668,鼎通科技,207.23,34.54,20.001,207.23,0.0,172.69,179.0,207.23,176.5,13097129,2572707781,14:23:04,119.786,14.029,2886104.768138,2886104.768138,9.40409
sh688669,聚石化学,26.0,0.03,0.116,26.0,26.02,25.97,25.96,26.54,25.62,2179389,56789949,14:23:14,-13.333,2.411,315466.6684,315466.6684,1.7962
sh688670,金迪克,17.87,0.21,1.189,17.83,17.87,17.66,17.67,17.93,17.3,1060739,18709509,14:23:14,-23.513,1.848,220158.4,220158.4,0.86099
sh688671,碧兴物联,21.76,0.73,3.471,21.74,21.76,21.03,21.04,21.79,20.78,1001378,21427766,14:23:12,-19.963,1.681,170857.1264,101939.337472,2.13754
sh688676,金盘科技,86.48,0.98,1.146,86.4,86.48,85.5,86.36,87.28,84.01,9092847,781695458,14:23:14,60.056,7.891,3976215.179872,3976215.179872,1.97763
sh688677,海泰新光,74.66,5.06,7.27,74.66,74.67,69.6,69.26,76.0,69.26,8112049,592040279,14:23:15,66.661,6.792,895001.682,895001.682,6.76698
sh688678,福立旺,28.99,2.65,10.061,28.99,29.0,26.34,26.69,29.5,26.56,25012357,694622130,14:23:15,131.773,4.534,834718.390285,834718.390285,8.68686
sh688679,通源环境,55.08,-0.77,-1.379,55.07,55.08,55.85,56.7,56.72,54.01,2950044,162837724,14:23:15,-172.125,6.593,725346.7299,725346.7299,2.24015
sh688680,海优新材,51.2,1.51,3.039,51.19,51.2,49.69,49.99,51.7,49.29,2048625,104102543,14:23:15,-7.608,4.032,499563.30496,499563.30496,2.09963
sh688681,科汇股份,19.26,0.28,1.475,19.26,19.27,18.98,18.84,19.29,18.32,2351561,44148500,14:23:13,42.8,3.264,201594.42,201594.42,2.24664
sh688682,霍莱沃,48.39,0.01,0.021,48.39,48.41,48.38,48.38,49.5,47.6,2132801,103629399,14:23:10,-210.391,7.975,492798.412905,492798.412905,2.09429
sh688683,莱尔科技,39.03,0.97,2.549,39.02,39.03,38.06,38.66,39.58,38.1,1725825,67202046,14:23:09,162.625,6.131,628764.7134,605659.456887,1.11216
sh688685,迈信林,45.5,4.66,11.41,45.49,45.5,40.84,40.12,45.68,40.06,7419995,321343735,14:23:14,146.774,8.087,668175.08485,668175.08485,5.05271
sh688686,奥普特,104.86,1.64,1.589,104.74,104.85,103.22,103.3,106.68,102.58,1362802,141864435,14:23:13,68.68,4.188,1281760.98113,1281760.98113,1.1149
sh688687,凯因科技,21.45,-0.04,-0.186,21.45,21.46,21.49,21.31,21.54,21.1,2656184,56670182,14:23:11,25.235,2.041,366675.78519,366675.78519,1.55383
sh688689,银河微电,36.38,0.42,1.168,36.36,36.38,35.96,35.9,36.5,35.69,1799835,64932782,14:23:16,64.964,3.883,468952.384562,468952.384562,1.39626
sh688690,纳微科技,30.91,-0.39,-1.246,30.9,30.91,31.3,30.8,30.98,29.5,17005861,516698438,14:23:15,91.072,6.545,1248191.438615,1248191.438615,4.2113
sh688691,灿芯股份,107.22,1.77,1.679,107.22,107.24,105.45,106.59,108.0,104.25,4665860,496708247,14:23:14,191.464,10.258,1286640.0,782330.83722,6.39465
sh688692,达梦数据,249.33,14.73,6.279,248.91,249.33,234.6,235.84,250.55,234.8,1973953,486369563,14:23:14,54.678,7.632,2823412.92,1823516.09445,2.69899
sh688693,锴威特,93.4,1.89,2.065,93.41,93.47,91.51,93.0,95.54,90.11,3887592,359594754,14:23:11,-75.323,8.66,688210.53074,363367.22676,9.99268
sh688695,中创股份,24.44,0.59,2.474,24.43,24.44,23.85,23.93,24.44,23.6,977832,23494477,14:23:15,49.878,2.665,207865.567832,130498.548232,1.8313
sh688696,极米科技,93.78,2.81,3.089,93.78,93.79,90.97,91.0,94.29,90.01,785190,72873579,14:23:13,44.028,2.173,656647.56,656647.56,1.12138
sh688697,纽威数控,15.23,0.43,2.905,15.22,15.23,14.8,14.88,15.23,14.79,3275001,49513955,14:23:13,15.23,3.985,696518.73774,696518.73774,0.71611
sh688698,伟创电气,70.78,0.5,0.711,70.78,70.8,70.28,72.94,73.0,69.64,6843462,485715116,14:23:13,57.081,6.448,1514853.194372,1514853.194372,3.19754
sh688699,明微电子,46.21,0.46,1.005,46.2,46.23,45.75,45.9,46.41,45.71,1531459,70588849,14:23:10,660.143,4.199,508608.70144,508608.70144,1.39142
sh688700,东威科技,58.61,0.48,0.826,58.61,58.62,58.13,58.27,58.96,56.77,8264440,480450979,14:23:14,254.826,9.74,1748930.37096,1748930.37096,2.76957
sh688701,卓锦股份,9.58,0.37,4.017,9.58,9.59,9.21,9.16,9.63,9.09,1898288,17829836,14:23:14,-15.705,8.767,128637.722376,128637.722376,1.41371
sh688702,盛科通信,225.68,4.17,1.883,225.31,225.68,221.51,221.5,232.96,215.05,6273416,1419503905,14:23:14,-1327.529,38.949,9252880.0,4581118.558744,3.09048
sh688707,振华新材,14.01,0.08,0.574,14.0,14.01,13.93,14.05,14.25,13.92,6295207,88575277,14:23:07,-13.343,1.744,712745.027205,712745.027205,1.23741
sh688708,佳驰科技,53.09,0.28,0.53,53.08,53.09,52.81,52.5,53.25,52.5,525681,27825308,14:23:06,37.288,6.423,2123653.09,755345.14215,0.36948
sh688709,成都华微,44.22,0.01,0.023,44.21,44.22,44.21,44.4,44.74,43.76,4622814,204467339,14:23:15,221.1,9.796,2816137.548972,980561.921922,2.08473
sh688710,益诺思,70.84,-0.78,-1.089,70.82,70.84,71.62,71.0,72.2,69.23,895017,63196492,14:23:14,56.222,4.273,998699.59266,642476.040976,0.98685
sh688711,宏微科技,28.01,0.56,2.04,28.01,28.02,27.45,27.65,28.09,27.5,2955060,82430979,14:23:10,-410.704,5.74,596873.011228,596873.011228,1.38675
sh688712,北芯生命,42.07,-0.39,-0.919,42.07,42.08,42.46,42.63,42.73,41.46,3522690,147406075,14:23:16,-350.583,22.031,1754319.0,156141.5429,9.49136
sh688716,中研股份,33.15,0.09,0.272,33.14,33.15,33.06,33.05,33.33,32.83,1141560,37744829,14:23:14,103.594,3.411,403369.2,231808.56855,1.6325
sh688717,艾罗能源,105.46,-0.55,-0.519,105.41,105.46,106.01,106.0,108.53,104.13,5675678,601868066,14:23:13,83.039,3.707,1687360.0,1044558.183168,5.73024
sh688718,唯赛勃,15.99,0.62,4.034,15.99,16.0,15.37,15.49,16.05,15.16,1566018,24574245,14:23:16,72.682,3.569,277833.268011,277833.268011,0.90128
sh688719,爱科赛博,53.42,3.42,6.84,53.44,53.5,50.0,50.93,53.98,50.2,5229729,274540753,14:23:13,83.469,3.635,616388.902956,479296.515916,5.8288
sh688720,艾森股份,76.36,0.56,0.739,76.36,76.4,75.8,75.89,76.7,75.1,1813772,137844526,14:23:13,200.947,6.661,672986.138424,430550.682792,3.2168
sh688721,龙图光罩,39.88,0.43,1.09,39.87,39.88,39.45,39.88,39.93,39.36,637173,25265801,14:23:15,94.952,4.393,532398.0,213296.34552,1.19132
sh688722,同益中,17.41,0.22,1.28,17.41,17.42,17.19,17.18,17.45,17.12,1951404,33682780,14:23:03,35.531,2.735,391144.7247,390167.1532,0.87075
sh688726,拉普拉斯,66.21,1.16,1.783,66.21,66.24,65.05,64.02,67.99,60.21,31148996,2014374745,14:23:16,33.731,6.676,2683664.697369,1456119.942354,14.1635
sh688727,恒坤新材,50.37,0.16,0.319,50.37,50.38,50.21,50.2,50.67,49.65,1612511,80950746,14:23:16,201.48,12.137,2263222.8252,253074.822105,3.20941
sh688728,格科微,13.29,0.12,0.911,13.28,13.29,13.17,13.18,13.3,13.12,7971491,105194247,14:23:15,189.857,4.419,3456179.680443,3321021.052917,0.319
sh688729,屹唐股份,23.06,0.12,0.523,23.06,23.07,22.94,23.08,23.18,22.8,3985545,91664617,14:23:15,115.3,7.752,6815521.36,495792.149192,1.85373
sh688733,壹石通,29.68,-0.05,-0.168,29.67,29.68,29.73,29.99,30.04,29.32,3989865,118350555,14:23:11,494.667,2.734,592932.76392,592932.76392,1.99718
sh688737,中自科技,26.46,0.62,2.399,26.44,26.45,25.84,25.99,26.57,25.63,1086168,28510170,14:23:01,-56.298,1.788,316367.690814,316367.690814,0.90844
sh688739,成大生物,24.83,0.01,0.04,24.83,24.84,24.82,24.81,24.89,24.69,1527023,37859815,14:23:17,29.916,1.102,1034045.35,1034045.35,0.36668
sh688750,金天钛业,18.41,0.17,0.932,18.41,18.42,18.24,18.35,18.49,18.19,2233512,40986195,14:23:09,45.83,3.473,851462.5,428802.638166,0.95892
sh688755,汉邦科技,38.64,-0.08,-0.207,38.6,38.65,38.72,38.88,38.93,38.38,158993,6126980,14:23:07,0.0,2.798,340032.0,68006.4,0.90337
sh688757,胜科纳米,25.86,0.01,0.039,25.86,25.92,25.85,26.2,26.25,25.5,2953994,76295047,14:23:16,117.545,11.557,1042963.502796,468635.817342,1.63006
sh688758,赛分科技,21.06,0.48,2.332,21.05,21.06,20.58,20.76,21.19,20.4,5931692,123808373,14:23:16,90.62,6.646,877073.360904,627974.813232,1.98927
sh688759,必贝特,39.33,-0.97,-2.407,39.33,39.34,40.3,40.1,40.1,38.98,2956489,116362701,14:23:15,-245.813,65.55,1769994.171981,182734.971273,6.36324
sh688765,禾元生物,66.35,-0.32,-0.48,66.35,66.39,66.67,66.4,66.57,65.51,785010,51809684,14:23:11,-118.482,35.865,2372012.5,271894.158855,1.91565
sh688766,普冉股份,266.39,0.94,0.354,266.4,266.57,265.45,264.97,271.86,258.37,4489670,1195782565,14:23:13,190.279,16.313,3943880.028178,3943880.028178,3.03255
sh688767,博拓生物,35.21,0.74,2.147,35.22,35.28,34.47,34.46,35.5,33.35,2109974,72124989,14:23:17,21.87,2.248,525802.669014,525802.669014,1.41293
sh688768,容知日新,47.01,0.94,2.04,46.95,47.01,46.07,46.3,47.1,45.82,965713,45181125,14:23:10,35.885,3.932,413634.939813,410225.943849,1.10666
sh688772,珠海冠宇,16.46,0.32,1.983,16.45,16.46,16.14,16.27,16.6,16.13,28180855,461835109,14:23:16,39.19,2.546,1863577.668784,1863577.668784,2.48907
sh688775,影石创新,195.21,0.31,0.159,195.16,195.2,194.9,194.08,198.48,193.66,607393,118837063,14:23:08,70.728,13.674,7827921.0,640288.8,1.85181
sh688776,国光电气,85.44,1.29,1.533,85.44,85.45,84.15,84.15,85.84,83.58,1292093,109591702,14:23:12,198.698,5.101,926027.931936,926027.931936,1.19215
sh688777,中控技术,67.4,1.4,2.121,67.39,67.4,66.0,66.4,68.21,66.26,10286451,693323066,14:23:16,47.465,5.228,5332617.41198,5305722.0351,1.30672
sh688778,厦钨新能,76.78,0.98,1.293,76.78,76.79,75.8,77.05,77.8,75.46,7369637,564565102,14:23:16,65.068,4.301,3875018.135274,3875018.135274,1.46023
sh688779,五矿新能,10.94,0.22,2.052,10.93,10.94,10.72,10.75,11.06,10.69,24140374,263567019,14:23:11,-42.077,3.148,2110566.2424,2110566.2424,1.2513
sh688781,视涯科技,37.92,-1.08,-2.769,37.92,37.93,39.0,38.51,38.93,37.43,6105010,231512950,14:23:15,-158.0,19.151,3792000.0,154846.687824,14.9504
sh688783,西安奕材,22.54,-0.03,-0.133,22.53,22.54,22.57,22.58,22.65,22.38,3140566,70667872,14:23:15,-107.333,9.758,9101201.2,371048.038844,1.90779
sh688785,恒运昌,305.2,-2.0,-0.651,305.19,305.2,307.2,308.98,309.2,300.9,453998,138539756,14:23:15,108.227,26.732,2066255.51776,388448.3358,3.56702
sh688786,悦安新材,33.09,0.57,1.753,33.09,33.1,32.52,32.42,33.18,32.03,1824699,59680023,14:23:13,56.085,6.373,475834.209927,475834.209927,1.26891
sh688787,海天瑞声,133.77,3.72,2.86,133.75,133.87,130.05,131.5,136.6,131.18,2252027,302566647,14:23:15,704.053,11.046,806969.93286,806969.93286,3.73315
sh688788,科思科技,57.98,1.27,2.239,57.96,57.98,56.71,56.71,58.5,56.55,1572131,90583113,14:23:13,-31.009,4.968,909557.817584,909557.817584,1.00216
sh688789,宏华数科,71.11,0.92,1.311,71.11,71.13,70.19,70.0,71.28,70.0,763915,54034432,14:23:11,30.651,3.737,1281801.176877,1281801.176877,0.42379
sh688790,昂瑞微,141.15,-0.95,-0.669,141.1,141.15,142.1,140.71,141.47,137.51,889368,124028320,14:23:17,-162.241,15.392,1404889.77612,170194.026165,7.37595
sh688793,倍轻松,21.59,0.23,1.077,21.58,21.59,21.36,21.36,21.63,21.09,1319315,28114856,14:23:17,179.917,6.708,185556.159621,185556.159621,1.53506
sh688795,摩尔线程,644.9,19.24,3.075,644.9,644.99,625.66,622.63,650.0,612.0,3806635,2426951463,14:23:17,-140.196,76.971,30312119.71433,1894870.07314,12.9555
sh688796,百奥赛图,100.25,-7.1,-6.614,100.15,100.25,107.35,108.08,108.08,99.0,2331677,238427931,14:23:14,233.14,20.599,4480156.6605,359773.601025,6.49716
sh688798,艾为电子,68.02,0.82,1.22,68.01,68.02,67.2,67.4,68.09,67.01,2387700,161431006,14:23:15,50.015,3.779,1585740.982072,923325.51848,1.75898
sh688799,华纳药厂,58.22,0.14,0.241,58.22,58.23,58.08,57.82,59.76,57.37,4982890,289526115,14:23:15,33.269,3.838,764545.04,764545.04,3.79446
sh688800,瑞可达,97.16,1.11,1.156,97.16,97.17,96.05,96.9,99.3,95.06,7483354,731847097,14:23:16,87.532,8.714,1998331.83886,1998331.83886,3.63845
sh688802,沐曦股份,729.51,49.61,7.297,729.5,729.51,679.9,670.0,730.0,665.7,4211674,2981587110,14:23:17,-298.98,22.17,29187695.1,1323256.219323,23.21892
sh688805,健信超导,53.03,-3.89,-6.834,53.02,53.03,56.92,54.23,55.7,52.6,8274778,442576259,14:23:16,120.523,17.632,889207.04,167144.509277,26.25342
sh688807,优迅股份,304.55,15.72,5.443,304.08,304.55,288.83,291.8,306.0,284.0,2019345,594279639,14:23:15,207.177,13.797,2436400.0,457910.90348,13.43038
sh688809,强一股份,375.1,4.51,1.217,375.0,375.1,370.59,371.0,375.18,360.01,2119329,775671875,14:23:16,156.292,35.271,4859769.343,913481.36759,8.70253
sh688811,C有研,18.8,-1.0,-5.051,18.79,18.8,19.8,19.3,19.8,18.41,34989923,661090105,14:23:16,0.0,11.702,943146.3774,173197.06236,37.98047
sh688813,泰金新能,65.68,-4.03,-5.781,65.65,65.68,69.71,68.4,70.07,65.0,7571775,503977048,14:23:15,38.635,13.547,1050880.0,197545.578368,25.17466
sh688816,易思维,66.96,-0.55,-0.815,66.96,66.97,67.51,67.51,67.54,65.7,1212292,80616901,14:23:17,58.737,14.225,669600.0,129127.284432,6.28644
sh688818,电科蓝天,66.84,-0.24,-0.358,66.84,66.86,67.08,66.55,67.99,65.85,16113584,1079695796,14:23:16,309.015,31.944,11609599.28076,882397.209876,12.20575
sh688819,天能股份,35.28,0.6,1.73,35.26,35.28,34.68,34.67,35.8,34.4,4565859,161359227,14:23:17,21.512,2.01,3429568.8,3429568.8,0.46969
sh688981,中芯国际,104.0,0.09,0.087,103.99,104.0,103.91,103.5,105.0,103.0,33703291,3502019289,14:23:17,165.079,5.525,83336496.4536,20795450.5096,1.68553
sh689009,九号公司,45.86,0.68,1.505,45.85,45.86,45.18,45.5,46.24,45.27,9648499,442495742,14:23:17,1.855,0.463,3314105.2313,2548246.083792,1.73641
